number,DG_num,RX_num,DG,RX,catalyst,ligand,solvent,addictive,tag,m/(m+o),m/(m+p),yield,notation,DOI,,,
0,1,1,C1(C2=CC=CC=C2)=NC=CC=C1,CCOC(CBr)=O,CC1=CC=C(C(C)C)C=C1.CC2=CC=C(C(C)C)C=C2.[Ru+2].[Cl-].[Cl-].[Ru+2].[Cl-].[Cl-],P(C1=CC=CC=C1)(C2=CC=CC=C2)C3=CC=CC=C3,C1COCCO1,O=C(O)C1=C(C)C=C(C)C=C1C,1,0.95238,,0.57,,10.1039/c7ob01192j,,,
1,1,1,C1(C2=CC=CC=C2)=NC=CC=C1,CCOC(CBr)=O,CC1=CC=C(C(C)C)C=C1.CC2=CC=C(C(C)C)C=C2.[Ru+2].[Cl-].[Cl-].[Ru+2].[Cl-].[Cl-],FC(C=C1)=CC=C1P(C2=CC=C(F)C=C2)C3=CC=C(F)C=C3,C1COCCO1,O=C(O)C1=C(C)C=C(C)C=C1C,1,0.9375,,0.38,,10.1039/c7ob01192j,,,
2,1,1,C1(C2=CC=CC=C2)=NC=CC=C1,CCOC(CBr)=O,CC1=CC=C(C(C)C)C=C1.CC2=CC=C(C(C)C)C=C2.[Ru+2].[Cl-].[Cl-].[Ru+2].[Cl-].[Cl-],,C1COCCO1,,1,0.71429,,0.21,,10.1039/c7ob01192j,,,
3,1,1,C1(C2=CC=CC=C2)=NC=CC=C1,CCOC(CBr)=O,CC1=CC=C(C(C)C)C=C1.CC2=CC=C(C(C)C)C=C2.[Ru+2].[Cl-].[Cl-].[Ru+2].[Cl-].[Cl-],,C1COCCO1,O=C(O)C1=C(C)C=C(C)C=C1C,1,0.69697,,0.26,,10.1039/c7ob01192j,,,
4,1,1,C1(C2=CC=CC=C2)=NC=CC=C1,CCOC(CBr)=O,CC1=CC=C(C(C)C)C=C1.CC2=CC=C(C(C)C)C=C2.[Ru+2].[Cl-].[Cl-].[Ru+2].[Cl-].[Cl-],,C1COCCO1,CC(O[K])=O,1,0.66667,,0.24,,10.1039/c7ob01192j,,,
5,1,1,C1(C2=CC=CC=C2)=NC=CC=C1,CCOC(CBr)=O,CC1=CC=C(C(C)C)C=C1.CC2=CC=C(C(C)C)C=C2.[Ru+2].[Cl-].[Cl-].[Ru+2].[Cl-].[Cl-],,C1COCCO1,O=C(O)C12C[C@H]3C[C@H](C[C@H](C3)C2)C1,1,0.66667,,0.15,,10.1039/c7ob01192j,,,
6,2,1,COC1=CC(C2=CC=CC=C2)=NC=C1,CCOC(CBr)=O,CC1=CC=C(C(C)C)C=C1.CC2=CC=C(C(C)C)C=C2.[Ru+2].[Cl-].[Cl-].[Ru+2].[Cl-].[Cl-],P(C1=CC=CC=C1)(C2=CC=CC=C2)C3=CC=CC=C3,C1COCCO1,O=C(O)C1=C(C)C=C(C)C=C1C,1,1,,0.36,,10.1039/c7ob01192j,,,
7,3,1,CC1=CC(C2=CC=CC=C2)=NC=C1,CCOC(CBr)=O,CC1=CC=C(C(C)C)C=C1.CC2=CC=C(C(C)C)C=C2.[Ru+2].[Cl-].[Cl-].[Ru+2].[Cl-].[Cl-],P(C1=CC=CC=C1)(C2=CC=CC=C2)C3=CC=CC=C3,C1COCCO1,O=C(O)C1=C(C)C=C(C)C=C1C,1,1,,0.67,,10.1039/c7ob01192j,,,
8,4,1,FC1=CC(C2=CC=CC=C2)=NC=C1,CCOC(CBr)=O,CC1=CC=C(C(C)C)C=C1.CC2=CC=C(C(C)C)C=C2.[Ru+2].[Cl-].[Cl-].[Ru+2].[Cl-].[Cl-],P(C1=CC=CC=C1)(C2=CC=CC=C2)C3=CC=CC=C3,C1COCCO1,O=C(O)C1=C(C)C=C(C)C=C1C,1,1,,0.48,,10.1039/c7ob01192j,,,
9,5,1,ClC1=CC(C2=CC=CC=C2)=NC=C1,CCOC(CBr)=O,CC1=CC=C(C(C)C)C=C1.CC2=CC=C(C(C)C)C=C2.[Ru+2].[Cl-].[Cl-].[Ru+2].[Cl-].[Cl-],P(C1=CC=CC=C1)(C2=CC=CC=C2)C3=CC=CC=C3,C1COCCO1,O=C(O)C1=C(C)C=C(C)C=C1C,1,1,,0.45,,10.1039/c7ob01192j,,,
10,6,1,O=C(C1=CC(C2=CC=CC=C2)=NC=C1)OC,CCOC(CBr)=O,CC1=CC=C(C(C)C)C=C1.CC2=CC=C(C(C)C)C=C2.[Ru+2].[Cl-].[Cl-].[Ru+2].[Cl-].[Cl-],P(C1=CC=CC=C1)(C2=CC=CC=C2)C3=CC=CC=C3,C1COCCO1,O=C(O)C1=C(C)C=C(C)C=C1C,1,1,,0.31,,10.1039/c7ob01192j,,,
11,7,1,N1(C2=CC=CC=C2)C=CC=N1,CCOC(CBr)=O,CC1=CC=C(C(C)C)C=C1.CC2=CC=C(C(C)C)C=C2.[Ru+2].[Cl-].[Cl-].[Ru+2].[Cl-].[Cl-],P(C1=CC=CC=C1)(C2=CC=CC=C2)C3=CC=CC=C3,C1COCCO1,O=C(O)C1=C(C)C=C(C)C=C1C,1,1,,0.52,,10.1039/c7ob01192j,,,
12,8,1,CC1=CN=C(C2=CC=CC=C2)C=C1,CCOC(CBr)=O,CC1=CC=C(C(C)C)C=C1.CC2=CC=C(C(C)C)C=C2.[Ru+2].[Cl-].[Cl-].[Ru+2].[Cl-].[Cl-],P(C1=CC=CC=C1)(C2=CC=CC=C2)C3=CC=CC=C3,C1COCCO1,O=C(O)C1=C(C)C=C(C)C=C1C,1,1,,0.62,,10.1039/c7ob01192j,,,
13,9,1,FC1=CN=C(C2=CC=CC=C2)C=C1,CCOC(CBr)=O,CC1=CC=C(C(C)C)C=C1.CC2=CC=C(C(C)C)C=C2.[Ru+2].[Cl-].[Cl-].[Ru+2].[Cl-].[Cl-],P(C1=CC=CC=C1)(C2=CC=CC=C2)C3=CC=CC=C3,C1COCCO1,O=C(O)C1=C(C)C=C(C)C=C1C,1,1,,0.6,,10.1039/c7ob01192j,,,
14,10,1,C1(C2=CC=CC=C2)=NC=CC=N1,CCOC(CBr)=O,CC1=CC=C(C(C)C)C=C1.CC2=CC=C(C(C)C)C=C2.[Ru+2].[Cl-].[Cl-].[Ru+2].[Cl-].[Cl-],P(C1=CC=CC=C1)(C2=CC=CC=C2)C3=CC=CC=C3,C1COCCO1,O=C(O)C1=C(C)C=C(C)C=C1C,1,1,,0.76,,10.1039/c7ob01192j,,,
15,11,1,CC1=CC=NC(C2=CC=CC=C2)=N1,CCOC(CBr)=O,CC1=CC=C(C(C)C)C=C1.CC2=CC=C(C(C)C)C=C2.[Ru+2].[Cl-].[Cl-].[Ru+2].[Cl-].[Cl-],P(C1=CC=CC=C1)(C2=CC=CC=C2)C3=CC=CC=C3,C1COCCO1,O=C(O)C1=C(C)C=C(C)C=C1C,1,1,,0.83,,10.1039/c7ob01192j,,,
16,12,1,CCC1=CN=C(C2=CC=CC=C2)N=C1,CCOC(CBr)=O,CC1=CC=C(C(C)C)C=C1.CC2=CC=C(C(C)C)C=C2.[Ru+2].[Cl-].[Cl-].[Ru+2].[Cl-].[Cl-],P(C1=CC=CC=C1)(C2=CC=CC=C2)C3=CC=CC=C3,C1COCCO1,O=C(O)C1=C(C)C=C(C)C=C1C,1,1,,0.56,,10.1039/c7ob01192j,,,
17,14,1,COC(C=C1)=CC=C1C2=NC=CC=C2,CCOC(CBr)=O,CC1=CC=C(C(C)C)C=C1.CC2=CC=C(C(C)C)C=C2.[Ru+2].[Cl-].[Cl-].[Ru+2].[Cl-].[Cl-],P(C1=CC=CC=C1)(C2=CC=CC=C2)C3=CC=CC=C3,C1COCCO1,O=C(O)C1=C(C)C=C(C)C=C1C,1,1,,0.6,,10.1039/c7ob01192j,,,
18,15,1,CC1=CC(C2=CC=C(OC)C=C2)=NC=C1,CCOC(CBr)=O,CC1=CC=C(C(C)C)C=C1.CC2=CC=C(C(C)C)C=C2.[Ru+2].[Cl-].[Cl-].[Ru+2].[Cl-].[Cl-],P(C1=CC=CC=C1)(C2=CC=CC=C2)C3=CC=CC=C3,C1COCCO1,O=C(O)C1=C(C)C=C(C)C=C1C,1,1,,0.49,,10.1039/c7ob01192j,,,
19,16,1,COC(C=C1)=CC=C1C2=NC=CC=N2,CCOC(CBr)=O,CC1=CC=C(C(C)C)C=C1.CC2=CC=C(C(C)C)C=C2.[Ru+2].[Cl-].[Cl-].[Ru+2].[Cl-].[Cl-],P(C1=CC=CC=C1)(C2=CC=CC=C2)C3=CC=CC=C3,C1COCCO1,O=C(O)C1=C(C)C=C(C)C=C1C,1,1,,0.55,,10.1039/c7ob01192j,,,
20,17,1,CC(C=C1)=CC=C1C2=NC=CC=C2,CCOC(CBr)=O,CC1=CC=C(C(C)C)C=C1.CC2=CC=C(C(C)C)C=C2.[Ru+2].[Cl-].[Cl-].[Ru+2].[Cl-].[Cl-],P(C1=CC=CC=C1)(C2=CC=CC=C2)C3=CC=CC=C3,C1COCCO1,O=C(O)C1=C(C)C=C(C)C=C1C,1,0.90909,,0.31,,10.1039/c7ob01192j,,,
21,18,1,FC(C=C1)=CC=C1C2=NC=CC=C2,CCOC(CBr)=O,CC1=CC=C(C(C)C)C=C1.CC2=CC=C(C(C)C)C=C2.[Ru+2].[Cl-].[Cl-].[Ru+2].[Cl-].[Cl-],P(C1=CC=CC=C1)(C2=CC=CC=C2)C3=CC=CC=C3,C1COCCO1,O=C(O)C1=C(C)C=C(C)C=C1C,1,0.85714,,0.58,,10.1039/c7ob01192j,,,
22,19,1,FC(C=C1)=CC=C1C2=NC=CC(C)=C2,CCOC(CBr)=O,CC1=CC=C(C(C)C)C=C1.CC2=CC=C(C(C)C)C=C2.[Ru+2].[Cl-].[Cl-].[Ru+2].[Cl-].[Cl-],P(C1=CC=CC=C1)(C2=CC=CC=C2)C3=CC=CC=C3,C1COCCO1,O=C(O)C1=C(C)C=C(C)C=C1C,1,0.83333,,0.66,,10.1039/c7ob01192j,,,
23,20,1,O=C(C(C=C1)=CC=C1C2=NC=CC=C2)OCC,CCOC(CBr)=O,CC1=CC=C(C(C)C)C=C1.CC2=CC=C(C(C)C)C=C2.[Ru+2].[Cl-].[Cl-].[Ru+2].[Cl-].[Cl-],P(C1=CC=CC=C1)(C2=CC=CC=C2)C3=CC=CC=C3,C1COCCO1,O=C(O)C1=C(C)C=C(C)C=C1C,1,0.90909,,0.58,,10.1039/c7ob01192j,,,
24,21,1,ClC(C=C1)=CC=C1C2=NC=CC=C2,CCOC(CBr)=O,CC1=CC=C(C(C)C)C=C1.CC2=CC=C(C(C)C)C=C2.[Ru+2].[Cl-].[Cl-].[Ru+2].[Cl-].[Cl-],P(C1=CC=CC=C1)(C2=CC=CC=C2)C3=CC=CC=C3,C1COCCO1,O=C(O)C1=C(C)C=C(C)C=C1C,1,0.83333,,0.55,,10.1039/c7ob01192j,,,
25,22,1,FC(C(C=C1)=CC=C1C2=NC=CC=C2)(F)F,CCOC(CBr)=O,CC1=CC=C(C(C)C)C=C1.CC2=CC=C(C(C)C)C=C2.[Ru+2].[Cl-].[Cl-].[Ru+2].[Cl-].[Cl-],P(C1=CC=CC=C1)(C2=CC=CC=C2)C3=CC=CC=C3,C1COCCO1,O=C(O)C1=C(C)C=C(C)C=C1C,1,0.71429,,0.55,,10.1039/c7ob01192j,,,
26,14,2,COC(C=C1)=CC=C1C2=NC=CC=C2,CC(C)(Br)C(OCC)=O,CC1=CC=C(C(C)C)C=C1.CC2=CC=C(C(C)C)C=C2.[Ru+2].[Cl-].[Cl-].[Ru+2].[Cl-].[Cl-],P(C1=CC=CC=C1)(C2=CC=CC=C2)C3=CC=CC=C3,C1COCCO1,O=C(O)C1=C(C)C=C(C)C=C1C,1,1,,0.75,,10.1039/c7ob01192j,,,
27,14,2,COC(C=C1)=CC=C1C2=NC=CC=C2,CC(C)(Br)C(OCC)=O,CC1=CC=C(C(C)C)C=C1.CC2=CC=C(C(C)C)C=C2.[Ru+2].[Cl-].[Cl-].[Ru+2].[Cl-].[Cl-],,C1COCCO1,O=C(O)C1=C(C)C=C(C)C=C1C,1,1,,0.8,,10.1039/c7ob01192j,,,
28,1,2,C1(C2=CC=CC=C2)=NC=CC=C1,CC(C)(Br)C(OCC)=O,CC1=CC=C(C(C)C)C=C1.CC2=CC=C(C(C)C)C=C2.[Ru+2].[Cl-].[Cl-].[Ru+2].[Cl-].[Cl-],P(C1=CC=CC=C1)(C2=CC=CC=C2)C3=CC=CC=C3,C1COCCO1,O=C(O)C1=C(C)C=C(C)C=C1C,1,1,,0.69,,10.1039/c7ob01192j,,,
29,1,2,C1(C2=CC=CC=C2)=NC=CC=C1,CC(C)(Br)C(OCC)=O,CC1=CC=C(C(C)C)C=C1.CC2=CC=C(C(C)C)C=C2.[Ru+2].[Cl-].[Cl-].[Ru+2].[Cl-].[Cl-],,C1COCCO1,O=C(O)C1=C(C)C=C(C)C=C1C,1,1,,0.71,,10.1039/c7ob01192j,,,
30,20,2,O=C(C(C=C1)=CC=C1C2=NC=CC=C2)OCC,CC(C)(Br)C(OCC)=O,CC1=CC=C(C(C)C)C=C1.CC2=CC=C(C(C)C)C=C2.[Ru+2].[Cl-].[Cl-].[Ru+2].[Cl-].[Cl-],P(C1=CC=CC=C1)(C2=CC=CC=C2)C3=CC=CC=C3,C1COCCO1,O=C(O)C1=C(C)C=C(C)C=C1C,1,1,,0.25,,10.1039/c7ob01192j,,,
31,20,2,O=C(C(C=C1)=CC=C1C2=NC=CC=C2)OCC,CC(C)(Br)C(OCC)=O,CC1=CC=C(C(C)C)C=C1.CC2=CC=C(C(C)C)C=C2.[Ru+2].[Cl-].[Cl-].[Ru+2].[Cl-].[Cl-],,C1COCCO1,O=C(O)C1=C(C)C=C(C)C=C1C,1,1,,0.23,,10.1039/c7ob01192j,,,
32,25,2,CN(C1=CC(C2=CC=CC=C2)=NC=C1)C,CC(C)(Br)C(OCC)=O,CC1=CC=C(C(C)C)C=C1.CC2=CC=C(C(C)C)C=C2.[Ru+2].[Cl-].[Cl-].[Ru+2].[Cl-].[Cl-],,C1COCCO1,O=C(O)C1=C(C)C=C(C)C=C1C,1,1,,0.56,,10.1039/c7ob01192j,,,
33,3,2,CC1=CC(C2=CC=CC=C2)=NC=C1,CC(C)(Br)C(OCC)=O,CC1=CC=C(C(C)C)C=C1.CC2=CC=C(C(C)C)C=C2.[Ru+2].[Cl-].[Cl-].[Ru+2].[Cl-].[Cl-],,C1COCCO1,O=C(O)C1=C(C)C=C(C)C=C1C,1,1,,0.75,,10.1039/c7ob01192j,,,
34,6,2,O=C(C1=CC(C2=CC=CC=C2)=NC=C1)OC,CC(C)(Br)C(OCC)=O,CC1=CC=C(C(C)C)C=C1.CC2=CC=C(C(C)C)C=C2.[Ru+2].[Cl-].[Cl-].[Ru+2].[Cl-].[Cl-],,C1COCCO1,O=C(O)C1=C(C)C=C(C)C=C1C,1,1,,0.55,,10.1039/c7ob01192j,,, 
35,26,2,FC(C1=CC(C2=CC=CC=C2)=NC=C1)(F)F,CC(C)(Br)C(OCC)=O,CC1=CC=C(C(C)C)C=C1.CC2=CC=C(C(C)C)C=C2.[Ru+2].[Cl-].[Cl-].[Ru+2].[Cl-].[Cl-],,C1COCCO1,O=C(O)C1=C(C)C=C(C)C=C1C,1,1,,0.4,,10.1039/c7ob01192j,,,
36,8,2,CC1=CN=C(C2=CC=CC=C2)C=C1,CC(C)(Br)C(OCC)=O,CC1=CC=C(C(C)C)C=C1.CC2=CC=C(C(C)C)C=C2.[Ru+2].[Cl-].[Cl-].[Ru+2].[Cl-].[Cl-],,C1COCCO1,O=C(O)C1=C(C)C=C(C)C=C1C,1,1,,0.54,,10.1039/c7ob01192j,,,
37,10,2,C1(C2=CC=CC=C2)=NC=CC=N1,CC(C)(Br)C(OCC)=O,CC1=CC=C(C(C)C)C=C1.CC2=CC=C(C(C)C)C=C2.[Ru+2].[Cl-].[Cl-].[Ru+2].[Cl-].[Cl-],P(C1=CC=CC=C1)(C2=CC=CC=C2)C3=CC=CC=C3,C1COCCO1,O=C(O)C1=C(C)C=C(C)C=C1C,1,1,,0.54,,10.1039/c7ob01192j,,,
38,10,2,C1(C2=CC=CC=C2)=NC=CC=N1,CC(C)(Br)C(OCC)=O,CC1=CC=C(C(C)C)C=C1.CC2=CC=C(C(C)C)C=C2.[Ru+2].[Cl-].[Cl-].[Ru+2].[Cl-].[Cl-],,C1COCCO1,O=C(O)C1=C(C)C=C(C)C=C1C,1,1,,0.59,,10.1039/c7ob01192j,,,
39,7,3,N1(C2=CC=CC=C2)C=CC=N1,CC(Br)C(OCC)=O,CC1=CC=C(C(C)C)C=C1.CC2=CC=C(C(C)C)C=C2.[Ru+2].[Cl-].[Cl-].[Ru+2].[Cl-].[Cl-],P(C1=CC=CC=C1)(C2=CC=CC=C2)C3=CC=CC=C3,C1COCCO1,O=C(O)C1=C(C)C=C(C)C=C1C,1,1,,0.64,,10.1039/c7ob01192j,,,
40,7,3,N1(C2=CC=CC=C2)C=CC=N1,CC(Br)C(OCC)=O,CC1=CC=C(C(C)C)C=C1.CC2=CC=C(C(C)C)C=C2.[Ru+2].[Cl-].[Cl-].[Ru+2].[Cl-].[Cl-],,C1COCCO1,O=C(O)C1=C(C)C=C(C)C=C1C,1,1,,0.45,,10.1039/c7ob01192j,,,
41,14,3,COC(C=C1)=CC=C1C2=NC=CC=C2,CC(Br)C(OCC)=O,CC1=CC=C(C(C)C)C=C1.CC2=CC=C(C(C)C)C=C2.[Ru+2].[Cl-].[Cl-].[Ru+2].[Cl-].[Cl-],P(C1=CC=CC=C1)(C2=CC=CC=C2)C3=CC=CC=C3,C1COCCO1,O=C(O)C1=C(C)C=C(C)C=C1C,1,1,,0.76,,10.1039/c7ob01192j,,,
42,14,3,COC(C=C1)=CC=C1C2=NC=CC=C2,CC(Br)C(OCC)=O,CC1=CC=C(C(C)C)C=C1.CC2=CC=C(C(C)C)C=C2.[Ru+2].[Cl-].[Cl-].[Ru+2].[Cl-].[Cl-],,C1COCCO1,O=C(O)C1=C(C)C=C(C)C=C1C,1,1,,0.58,,10.1039/c7ob01192j,,,
43,1,3,C1(C2=CC=CC=C2)=NC=CC=C1,CC(Br)C(OCC)=O,CC1=CC=C(C(C)C)C=C1.CC2=CC=C(C(C)C)C=C2.[Ru+2].[Cl-].[Cl-].[Ru+2].[Cl-].[Cl-],P(C1=CC=CC=C1)(C2=CC=CC=C2)C3=CC=CC=C3,C1COCCO1,O=C(O)C1=C(C)C=C(C)C=C1C,1,1,,0.69,,10.1039/c7ob01192j,,,
44,1,3,C1(C2=CC=CC=C2)=NC=CC=C1,CC(Br)C(OCC)=O,CC1=CC=C(C(C)C)C=C1.CC2=CC=C(C(C)C)C=C2.[Ru+2].[Cl-].[Cl-].[Ru+2].[Cl-].[Cl-],,C1COCCO1,O=C(O)C1=C(C)C=C(C)C=C1C,1,1,,0.55,,10.1039/c7ob01192j,,,
45,20,3,O=C(C(C=C1)=CC=C1C2=NC=CC=C2)OCC,CC(Br)C(OCC)=O,CC1=CC=C(C(C)C)C=C1.CC2=CC=C(C(C)C)C=C2.[Ru+2].[Cl-].[Cl-].[Ru+2].[Cl-].[Cl-],,C1COCCO1,O=C(O)C1=C(C)C=C(C)C=C1C,1,1,,0.3,,10.1039/c7ob01192j,,,
46,27,3,CC1=NC(C2=CC=CC=C2)=NC=C1,CC(Br)C(OCC)=O,CC1=CC=C(C(C)C)C=C1.CC2=CC=C(C(C)C)C=C2.[Ru+2].[Cl-].[Cl-].[Ru+2].[Cl-].[Cl-],P(C1=CC=CC=C1)(C2=CC=CC=C2)C3=CC=CC=C3,C1COCCO1,O=C(O)C1=C(C)C=C(C)C=C1C,1,1,,0.66,,10.1039/c7ob01192j,,,
47,27,3,CC1=NC(C2=CC=CC=C2)=NC=C1,CC(Br)C(OCC)=O,CC1=CC=C(C(C)C)C=C1.CC2=CC=C(C(C)C)C=C2.[Ru+2].[Cl-].[Cl-].[Ru+2].[Cl-].[Cl-],,C1COCCO1,O=C(O)C1=C(C)C=C(C)C=C1C,1,1,,0.37,,10.1039/c7ob01192j,,,
48,1,4,C1(C2=CC=CC=C2)=NC=CC=C1,CC(Br)C(OC(C)(C)C)=O,CC1=CC=C(C(C)C)C=C1.CC2=CC=C(C(C)C)C=C2.[Ru+2].[Cl-].[Cl-].[Ru+2].[Cl-].[Cl-],,C1COCCO1,O=C(O)C1=C(C)C=C(C)C=C1C,1,1,,0.41,,10.1039/c7ob01192j,,,
49,1,5,C1(C2=CC=CC=C2)=NC=CC=C1,CC(Br)C(C1=CC=CC=C1)=O,CC1=CC=C(C(C)C)C=C1.CC2=CC=C(C(C)C)C=C2.[Ru+2].[Cl-].[Cl-].[Ru+2].[Cl-].[Cl-],,C1COCCO1,O=C(O)C1=C(C)C=C(C)C=C1C,1,1,,0.41,,10.1039/c7ob01192j,,,
50,1,6,C1(C2=CC=CC=C2)=NC=CC=C1,BrC(C(OCC)=O)CC1=CC=CC=C1,CC1=CC=C(C(C)C)C=C1.CC2=CC=C(C(C)C)C=C2.[Ru+2].[Cl-].[Cl-].[Ru+2].[Cl-].[Cl-],,C1COCCO1,O=C(O)C1=C(C)C=C(C)C=C1C,1,1,,0.45,,10.1039/c7ob01192j,,,
51,14,7,COC(C=C1)=CC=C1C2=NC=CC=C2,ClCC(OCC)=O,CC1=CC=C(C(C)C)C=C1.CC2=CC=C(C(C)C)C=C2.[Ru+2].[Cl-].[Cl-].[Ru+2].[Cl-].[Cl-],P(C1=CC=CC=C1)(C2=CC=CC=C2)C3=CC=CC=C3,C1COCCO1,O=C(O)C1=C(C)C=C(C)C=C1C,1,1,,0.57,,10.1039/c7ob01192j,,,
52,1,7,C1(C2=CC=CC=C2)=NC=CC=C1,ClCC(OCC)=O,CC1=CC=C(C(C)C)C=C1.CC2=CC=C(C(C)C)C=C2.[Ru+2].[Cl-].[Cl-].[Ru+2].[Cl-].[Cl-],P(C1=CC=CC=C1)(C2=CC=CC=C2)C3=CC=CC=C3,C1COCCO1,O=C(O)C1=C(C)C=C(C)C=C1C,1,1,,0.76,,10.1039/c7ob01192j,,,
53,20,7,O=C(C(C=C1)=CC=C1C2=NC=CC=C2)OCC,ClCC(OCC)=O,CC1=CC=C(C(C)C)C=C1.CC2=CC=C(C(C)C)C=C2.[Ru+2].[Cl-].[Cl-].[Ru+2].[Cl-].[Cl-],P(C1=CC=CC=C1)(C2=CC=CC=C2)C3=CC=CC=C3,C1COCCO1,O=C(O)C1=C(C)C=C(C)C=C1C,1,1,,0.41,,10.1039/c7ob01192j,,,
54,14,8,COC(C=C1)=CC=C1C2=NC=CC=C2,ICC(OCC)=O,CC1=CC=C(C(C)C)C=C1.CC2=CC=C(C(C)C)C=C2.[Ru+2].[Cl-].[Cl-].[Ru+2].[Cl-].[Cl-],P(C1=CC=CC=C1)(C2=CC=CC=C2)C3=CC=CC=C3,C1COCCO1,O=C(O)C1=C(C)C=C(C)C=C1C,1,1,,0.41,,10.1039/c7ob01192j,,,
55,1,8,C1(C2=CC=CC=C2)=NC=CC=C1,ICC(OCC)=O,CC1=CC=C(C(C)C)C=C1.CC2=CC=C(C(C)C)C=C2.[Ru+2].[Cl-].[Cl-].[Ru+2].[Cl-].[Cl-],P(C1=CC=CC=C1)(C2=CC=CC=C2)C3=CC=CC=C3,C1COCCO1,O=C(O)C1=C(C)C=C(C)C=C1C,1,1,,0.3,,10.1039/c7ob01192j,,,
56,7,7,N1(C2=CC=CC=C2)C=CC=N1,ClCC(OCC)=O,CC1=CC=C(C(C)C)C=C1.CC2=CC=C(C(C)C)C=C2.[Ru+2].[Cl-].[Cl-].[Ru+2].[Cl-].[Cl-],P(C1=CC=CC=C1)(C2=CC=CC=C2)C3=CC=CC=C3,C1COCCO1,O=C(O)C1=C(C)C=C(C)C=C1C,1,1,,0.65,,10.1039/c7ob01192j,,,
57,27,7,CC1=NC(C2=CC=CC=C2)=NC=C1,ClCC(OCC)=O,CC1=CC=C(C(C)C)C=C1.CC2=CC=C(C(C)C)C=C2.[Ru+2].[Cl-].[Cl-].[Ru+2].[Cl-].[Cl-],P(C1=CC=CC=C1)(C2=CC=CC=C2)C3=CC=CC=C3,C1COCCO1,O=C(O)C1=C(C)C=C(C)C=C1C,1,1,,0.52,,10.1039/c7ob01192j,,,
58,14,9,COC(C=C1)=CC=C1C2=NC=CC=C2,ClC(C)C(OCC)=O,CC1=CC=C(C(C)C)C=C1.CC2=CC=C(C(C)C)C=C2.[Ru+2].[Cl-].[Cl-].[Ru+2].[Cl-].[Cl-],P(C1=CC=CC=C1)(C2=CC=CC=C2)C3=CC=CC=C3,C1COCCO1,O=C(O)C1=C(C)C=C(C)C=C1C,1,1,,0.97,,10.1039/c7ob01192j,,,
59,1,9,C1(C2=CC=CC=C2)=NC=CC=C1,ClC(C)C(OCC)=O,CC1=CC=C(C(C)C)C=C1.CC2=CC=C(C(C)C)C=C2.[Ru+2].[Cl-].[Cl-].[Ru+2].[Cl-].[Cl-],P(C1=CC=CC=C1)(C2=CC=CC=C2)C3=CC=CC=C3,C1COCCO1,O=C(O)C1=C(C)C=C(C)C=C1C,1,1,,0.94,,10.1039/c7ob01192j,,,
60,20,9,O=C(C(C=C1)=CC=C1C2=NC=CC=C2)OCC,ClC(C)C(OCC)=O,CC1=CC=C(C(C)C)C=C1.CC2=CC=C(C(C)C)C=C2.[Ru+2].[Cl-].[Cl-].[Ru+2].[Cl-].[Cl-],P(C1=CC=CC=C1)(C2=CC=CC=C2)C3=CC=CC=C3,C1COCCO1,O=C(O)C1=C(C)C=C(C)C=C1C,1,1,,0.96,,10.1039/c7ob01192j,,,
61,7,9,N1(C2=CC=CC=C2)C=CC=N1,ClC(C)C(OCC)=O,CC1=CC=C(C(C)C)C=C1.CC2=CC=C(C(C)C)C=C2.[Ru+2].[Cl-].[Cl-].[Ru+2].[Cl-].[Cl-],P(C1=CC=CC=C1)(C2=CC=CC=C2)C3=CC=CC=C3,C1COCCO1,O=C(O)C1=C(C)C=C(C)C=C1C,1,1,,0.94,,10.1039/c7ob01192j,,,
62,27,9,CC1=NC(C2=CC=CC=C2)=NC=C1,ClC(C)C(OCC)=O,CC1=CC=C(C(C)C)C=C1.CC2=CC=C(C(C)C)C=C2.[Ru+2].[Cl-].[Cl-].[Ru+2].[Cl-].[Cl-],P(C1=CC=CC=C1)(C2=CC=CC=C2)C3=CC=CC=C3,C1COCCO1,O=C(O)C1=C(C)C=C(C)C=C1C,1,1,,0.96,,10.1039/c7ob01192j,,,
63,1,10,C1(C2=CC=CC=C2)=NC=CC=C1,BrC1CCCCC1,CC1=CC=C(C(C)C)C=C1.CC2=CC=C(C(C)C)C=C2.[Ru+2].[Cl-].[Cl-].[Ru+2].[Cl-].[Cl-],,CC1=CC=CC=C1C,O=C(O)C1=C(C)C=C(C)C=C1C,1,1,,0.51,,10.1002/anie.202007144 ,,,
64,7,10,N1(C2=CC=CC=C2)C=CC=N1,BrC1CCCCC1,CC1=CC=C(C(C)C)C=C1.CC2=CC=C(C(C)C)C=C2.[Ru+2].[Cl-].[Cl-].[Ru+2].[Cl-].[Cl-],,CC1=CC=CC=C1C,O=C(O)C1=C(C)C=C(C)C=C1C,0,0,,0.5,,10.1002/anie.202007144 ,,,
65,7,10,N1(C2=CC=CC=C2)C=CC=N1,BrC1CCCCC1,CC1=CC=C(C(C)C)C=C1.CC2=CC=C(C(C)C)C=C2.[Ru+2].[Cl-].[Cl-].[Ru+2].[Cl-].[Cl-],,CC(C)(C)C1=CC=CC=C1,O=C(O)C1=C(C)C=C(C)C=C1C,0,0.16667,,0.72,,10.1002/anie.202007144 ,,,
66,7,10,N1(C2=CC=CC=C2)C=CC=N1,BrC1CCCCC1,CC1=CC=C(C(C)C)C=C1.CC2=CC=C(C(C)C)C=C2.[Ru+2].[Cl-].[Cl-].[Ru+2].[Cl-].[Cl-],,CC1=CC=CC=C1C,O=C(O)C1=C(C)C=C(C)C=C1C,0,0,,0.5,,10.1002/anie.202007144 ,,,
67,7,10,N1(C2=CC=CC=C2)C=CC=N1,BrC1CCCCC1,CC1=CC=C(C(C)C)C=C1.CC2=CC=C(C(C)C)C=C2.[Ru+2].[Cl-].[Cl-].[Ru+2].[Cl-].[Cl-],,CC(C)(C)C1=CC=CC=C1,,0,0,,0.28,,10.1002/anie.202007144 ,,,
68,7,10,N1(C2=CC=CC=C2)C=CC=N1,BrC1CCCCC1,FB(F)F.FB(F)F.N#CC(C)(C)C.N#CC(C)(C)C.N#CC(C)(C)C.N#CC(C)(C)C.N#CC(C)(C)C.N#CC(C)(C)C.[Ru+2].[F-].[F-],,CC(C)(C)C1=CC=CC=C1,O=C(O)C1=C(C)C=C(C)C=C1C,0,0.11765,,0.68,,10.1002/anie.202007144 ,,,
69,7,10,N1(C2=CC=CC=C2)C=CC=N1,BrC1CCCCC1,F[P-](F)(F)(F)(F)F.F[P-](F)(F)(F)(F)F.N#CC(C)(C)C.N#CC(C)(C)C.N#CC(C)(C)C.N#CC(C)(C)C.N#CC(C)(C)C.N#CC(C)(C)C.[Ru+2],,CC(C)(C)C1=CC=CC=C1,O=C(O)C1=C(C)C=C(C)C=C1C,0,0.13889,,0.72,,10.1002/anie.202007144 ,,,
70,7,10,N1(C2=CC=CC=C2)C=CC=N1,BrC1CCCCC1,F[Sb](F)(F)(F)F.F[Sb](F)(F)(F)F.N#CC(C)(C)C.N#CC(C)(C)C.N#CC(C)(C)C.N#CC(C)(C)C.N#CC(C)(C)C.N#CC(C)(C)C.[Ru+2].[F-].[F-],,CC(C)(C)C1=CC=CC=C1,O=C(O)C1=C(C)C=C(C)C=C1C,0,0.125,,0.72,,10.1002/anie.202007144 ,,,
71,7,10,N1(C2=CC=CC=C2)C=CC=N1,BrC1CCCCC1,F[P-](F)(F)(F)(F)F.F[P-](F)(F)(F)(F)F.N#CC.N#CC.N#CC.N#CC.N#CC.N#CC.[Ru+2],,CC(C)(C)C1=CC=CC=C1,O=C(O)C1=C(C)C=C(C)C=C1C,0,0.15584,,0.77,,10.1002/anie.202007144 ,,,
72,7,11,N1(C2=CC=CC=C2)C=CC=N1,ClC1CCCCC1,CC1=CC=C(C(C)C)C=C1.CC2=CC=C(C(C)C)C=C2.[Ru+2].[Cl-].[Cl-].[Ru+2].[Cl-].[Cl-],,CC(C)(C)C1=CC=CC=C1,O=C(O)C1=C(C)C=C(C)C=C1C,0,0.11628,,0.43,,10.1002/anie.202007144 ,,,
73,7,12,N1(C2=CC=CC=C2)C=CC=N1,IC1CCCCC1,CC1=CC=C(C(C)C)C=C1.CC2=CC=C(C(C)C)C=C2.[Ru+2].[Cl-].[Cl-].[Ru+2].[Cl-].[Cl-],,CC(C)(C)C1=CC=CC=C1,O=C(O)C1=C(C)C=C(C)C=C1C,0,0.11667,,0.6,,10.1002/anie.202007144 ,,,
74,7,13,N1(C2=CC=CC=C2)C=CC=N1,BrC1CCC1,CC1=CC=C(C(C)C)C=C1.CC2=CC=C(C(C)C)C=C2.[Ru+2].[Cl-].[Cl-].[Ru+2].[Cl-].[Cl-],,CC(C)(C)C1=CC=CC=C1,O=C(O)C1=C(C)C=C(C)C=C1C,0,0,,0.71,,10.1002/anie.202007144 ,,,
75,7,14,N1(C2=CC=CC=C2)C=CC=N1,BrC1CCCC1,CC1=CC=C(C(C)C)C=C1.CC2=CC=C(C(C)C)C=C2.[Ru+2].[Cl-].[Cl-].[Ru+2].[Cl-].[Cl-],,CC(C)(C)C1=CC=CC=C1,O=C(O)C1=C(C)C=C(C)C=C1C,1,0.56,,0.49,,10.1002/anie.202007144 ,,,
76,7,10,N1(C2=CC=CC=C2)C=CC=N1,BrC1CCCCC1,CC1=CC=C(C(C)C)C=C1.CC2=CC=C(C(C)C)C=C2.[Ru+2].[Cl-].[Cl-].[Ru+2].[Cl-].[Cl-],,CC(C)(C)C1=CC=CC=C1,O=C(O)C1=C(C)C=C(C)C=C1C,0,0.13,,0.72,,10.1002/anie.202007144 ,,,
77,7,15,N1(C2=CC=CC=C2)C=CC=N1,BrC1CCCCCC1,CC1=CC=C(C(C)C)C=C1.CC2=CC=C(C(C)C)C=C2.[Ru+2].[Cl-].[Cl-].[Ru+2].[Cl-].[Cl-],,CC(C)(C)C1=CC=CC=C1,O=C(O)C1=C(C)C=C(C)C=C1C,1,1,,0.58,,10.1002/anie.202007144 ,,,
78,7,16,N1(C2=CC=CC=C2)C=CC=N1,BrC1CCCCCCC1,CC1=CC=C(C(C)C)C=C1.CC2=CC=C(C(C)C)C=C2.[Ru+2].[Cl-].[Cl-].[Ru+2].[Cl-].[Cl-],,CC(C)(C)C1=CC=CC=C1,O=C(O)C1=C(C)C=C(C)C=C1C,1,1,,0.66,,10.1002/anie.202007144 ,,,
79,7,17,N1(C2=CC=CC=C2)C=CC=N1,Br[C@H]1[C@@H]2CC[C@H](C1)C2,CC1=CC=C(C(C)C)C=C1.CC2=CC=C(C(C)C)C=C2.[Ru+2].[Cl-].[Cl-].[Ru+2].[Cl-].[Cl-],,CC(C)(C)C1=CC=CC=C1,O=C(O)C1=C(C)C=C(C)C=C1C,0,0,,0.56,,10.1002/anie.202007144 ,,,
80,7,18,N1(C2=CC=CC=C2)C=CC=N1,CC(Br)CC,CC1=CC=C(C(C)C)C=C1.CC2=CC=C(C(C)C)C=C2.[Ru+2].[Cl-].[Cl-].[Ru+2].[Cl-].[Cl-],,CC(C)(C)C1=CC=CC=C1,O=C(O)C1=C(C)C=C(C)C=C1C,1,1,,0.39,,10.1002/anie.202007144 ,,,
81,7,19,N1(C2=CC=CC=C2)C=CC=N1,CC(Br)CCC,CC1=CC=C(C(C)C)C=C1.CC2=CC=C(C(C)C)C=C2.[Ru+2].[Cl-].[Cl-].[Ru+2].[Cl-].[Cl-],,CC(C)(C)C1=CC=CC=C1,O=C(O)C1=C(C)C=C(C)C=C1C,1,1,,0.42,,10.1002/anie.202007144 ,,,
82,7,20,N1(C2=CC=CC=C2)C=CC=N1,BrCC(C)(C)C,CC1=CC=C(C(C)C)C=C1.CC2=CC=C(C(C)C)C=C2.[Ru+2].[Cl-].[Cl-].[Ru+2].[Cl-].[Cl-],,CC1=CC=CC=C1C,O=C(O)C1=C(C)C=C(C)C=C1C,0,0,,0.63,,10.1002/anie.202007144 ,,,
83,28,20,COC(C=C1)=CC=C1N2C=CC=N2,BrCC(C)(C)C,CC1=CC=C(C(C)C)C=C1.CC2=CC=C(C(C)C)C=C2.[Ru+2].[Cl-].[Cl-].[Ru+2].[Cl-].[Cl-],,CC1=CC=CC=C1C,O=C(O)C1=C(C)C=C(C)C=C1C,0,0,,0.66,,10.1002/anie.202007144 ,,,
84,29,10,CC(C=C1)=CC=C1N2C=CC=N2,BrC1CCCCC1,CC1=CC=C(C(C)C)C=C1.CC2=CC=C(C(C)C)C=C2.[Ru+2].[Cl-].[Cl-].[Ru+2].[Cl-].[Cl-],,CC(C)(C)C1=CC=CC=C1,O=C(O)C1=C(C)C=C(C)C=C1C,0,0.29,,0.87,,10.1002/anie.202007144 ,,,
85,28,10,COC(C=C1)=CC=C1N2C=CC=N2,BrC1CCCCC1,CC1=CC=C(C(C)C)C=C1.CC2=CC=C(C(C)C)C=C2.[Ru+2].[Cl-].[Cl-].[Ru+2].[Cl-].[Cl-],,CC(C)(C)C1=CC=CC=C1,O=C(O)C1=C(C)C=C(C)C=C1C,0,0.14,,0.79,,10.1002/anie.202007144 ,,,
86,30,10,FC(C=C1)=CC=C1N2C=CC=N2,BrC1CCCCC1,CC1=CC=C(C(C)C)C=C1.CC2=CC=C(C(C)C)C=C2.[Ru+2].[Cl-].[Cl-].[Ru+2].[Cl-].[Cl-],,CC(C)(C)C1=CC=CC=C1,O=C(O)C1=C(C)C=C(C)C=C1C,0,0,,0.61,,10.1002/anie.202007144 ,,,
87,31,10,FC(C(C=C1)=CC=C1N2C=CC=N2)(F)F,BrC1CCCCC1,CC1=CC=C(C(C)C)C=C1.CC2=CC=C(C(C)C)C=C2.[Ru+2].[Cl-].[Cl-].[Ru+2].[Cl-].[Cl-],,CC(C)(C)C1=CC=CC=C1,O=C(O)C1=C(C)C=C(C)C=C1C,0,0,,0.55,,10.1002/anie.202007144 ,,,
88,32,10,O=C(C(C=C1)=CC=C1N2C=CC=N2)C,BrC1CCCCC1,CC1=CC=C(C(C)C)C=C1.CC2=CC=C(C(C)C)C=C2.[Ru+2].[Cl-].[Cl-].[Ru+2].[Cl-].[Cl-],,CC(C)(C)C1=CC=CC=C1,O=C(O)C1=C(C)C=C(C)C=C1C,0,0,,0.94,,10.1002/anie.202007144 ,,,
89,33,14,CC1=NN(C2=CC=CC=C2)C(C)=C1,BrC1CCCC1,CC1=CC=C(C(C)C)C=C1.CC2=CC=C(C(C)C)C=C2.[Ru+2].[Cl-].[Cl-].[Ru+2].[Cl-].[Cl-],,CC(C)(C)C1=CC=CC=C1,O=C(O)C1=C(C)C=C(C)C=C1C,1,1,,0.58,,10.1002/anie.202007144 ,,,
90,33,10,CC1=NN(C2=CC=CC=C2)C(C)=C1,BrC1CCCCC1,CC1=CC=C(C(C)C)C=C1.CC2=CC=C(C(C)C)C=C2.[Ru+2].[Cl-].[Cl-].[Ru+2].[Cl-].[Cl-],,CC(C)(C)C1=CC=CC=C1,O=C(O)C1=C(C)C=C(C)C=C1C,1,1,,0.62,,10.1002/anie.202007144 ,,,
91,33,15,CC1=NN(C2=CC=CC=C2)C(C)=C1,BrC1CCCCCC1,CC1=CC=C(C(C)C)C=C1.CC2=CC=C(C(C)C)C=C2.[Ru+2].[Cl-].[Cl-].[Ru+2].[Cl-].[Cl-],,CC(C)(C)C1=CC=CC=C1,O=C(O)C1=C(C)C=C(C)C=C1C,1,1,,0.96,,10.1002/anie.202007144 ,,,
92,33,16,CC1=NN(C2=CC=CC=C2)C(C)=C1,BrC1CCCCCCC1,CC1=CC=C(C(C)C)C=C1.CC2=CC=C(C(C)C)C=C2.[Ru+2].[Cl-].[Cl-].[Ru+2].[Cl-].[Cl-],,CC(C)(C)C1=CC=CC=C1,O=C(O)C1=C(C)C=C(C)C=C1C,1,1,,0.96,,10.1002/anie.202007144 ,,,
93,33,17,CC1=NN(C2=CC=CC=C2)C(C)=C1,Br[C@@H]1[C@@H]2CC[C@@H](C2)C1,CC1=CC=C(C(C)C)C=C1.CC2=CC=C(C(C)C)C=C2.[Ru+2].[Cl-].[Cl-].[Ru+2].[Cl-].[Cl-],,CC(C)(C)C1=CC=CC=C1,O=C(O)C1=C(C)C=C(C)C=C1C,1,1,,0.37,,10.1002/anie.202007144 ,,,
94,33,18,CC1=NN(C2=CC=CC=C2)C(C)=C1,CC(Br)CC,CC1=CC=C(C(C)C)C=C1.CC2=CC=C(C(C)C)C=C2.[Ru+2].[Cl-].[Cl-].[Ru+2].[Cl-].[Cl-],,CC(C)(C)C1=CC=CC=C1,O=C(O)C1=C(C)C=C(C)C=C1C,1,1,,0.92,,10.1002/anie.202007144 ,,,
95,33,19,CC1=NN(C2=CC=CC=C2)C(C)=C1,CC(Br)CCC,CC1=CC=C(C(C)C)C=C1.CC2=CC=C(C(C)C)C=C2.[Ru+2].[Cl-].[Cl-].[Ru+2].[Cl-].[Cl-],,CC(C)(C)C1=CC=CC=C1,O=C(O)C1=C(C)C=C(C)C=C1C,1,1,,0.91,,10.1002/anie.202007144 ,,,
96,33,20,CC1=NN(C2=CC=CC=C2)C(C)=C1,BrCC(C)(C)C,CC1=CC=C(C(C)C)C=C1.CC2=CC=C(C(C)C)C=C2.[Ru+2].[Cl-].[Cl-].[Ru+2].[Cl-].[Cl-],,CC(C)(C)C1=CC=CC=C1,O=C(O)C1=C(C)C=C(C)C=C1C,1,1,,0.32,,10.1002/anie.202007144 ,,,
97,1,21,C1(C2=CC=CC=C2)=NC=CC=C1,ClCC1=CC=C(OC)C=C1,CC1=CC=C(C(C)C)C=C1.[O-]C(C)=O.[O-]C(C)=O.[Ru+2],P(C1=CC=CC=C1)(C2=CC=CC=C2)C3=CC=CC=C3,C1COCCO1,,1,1,,0.55,,10.1021/acscatal.9b04592,,,
98,14,21,COC(C=C1)=CC=C1C2=NC=CC=C2,ClCC1=CC=C(OC)C=C1,CC1=CC=C(C(C)C)C=C1.[O-]C(C)=O.[O-]C(C)=O.[Ru+2],P(C1=CC=CC=C1)(C2=CC=CC=C2)C3=CC=CC=C3,C1COCCO1,,1,1,,0.62,,10.1021/acscatal.9b04592,,,
99,2,21,COC1=CC(C2=CC=CC=C2)=NC=C1,ClCC1=CC=C(OC)C=C1,CC1=CC=C(C(C)C)C=C1.[O-]C(C)=O.[O-]C(C)=O.[Ru+2],P(C1=CC=CC=C1)(C2=CC=CC=C2)C3=CC=CC=C3,C1COCCO1,,1,1,,0.65,,10.1021/acscatal.9b04592,,,
100,10,21,C1(C2=CC=CC=C2)=NC=CC=N1,ClCC1=CC=C(OC)C=C1,CC1=CC=C(C(C)C)C=C1.[O-]C(C)=O.[O-]C(C)=O.[Ru+2],P(C1=CC=CC=C1)(C2=CC=CC=C2)C3=CC=CC=C3,C1COCCO1,,1,1,,0.59,,10.1021/acscatal.9b04592,,,
101,34,21,FC(C=C1)=CC=C1C2=NC=CC=N2,ClCC1=CC=C(OC)C=C1,CC1=CC=C(C(C)C)C=C1.[O-]C(C)=O.[O-]C(C)=O.[Ru+2],P(C1=CC=CC=C1)(C2=CC=CC=C2)C3=CC=CC=C3,C1COCCO1,,1,1,,0.51,,10.1021/acscatal.9b04592,,,
102,35,21,C1(C2=CC=CC=C2)=NCCO1,ClCC1=CC=C(OC)C=C1,CC1=CC=C(C(C)C)C=C1.[O-]C(C)=O.[O-]C(C)=O.[Ru+2],P(C1=CC=CC=C1)(C2=CC=CC=C2)C3=CC=CC=C3,C1COCCO1,,1,1,,0.6,,10.1021/acscatal.9b04592,,,
103,36,21,BrC(C=C1)=CC=C1C2=NCCO2,ClCC1=CC=C(OC)C=C1,CC1=CC=C(C(C)C)C=C1.[O-]C(C)=O.[O-]C(C)=O.[Ru+2],P(C1=CC=CC=C1)(C2=CC=CC=C2)C3=CC=CC=C3,C1COCCO1,,1,1,,0.5,,10.1021/acscatal.9b04592,,,
104,10,22,C1(C2=CC=CC=C2)=NC=CC=N1,ClCC1=CC=CC=C1,CC1=CC=C(C(C)C)C=C1.[O-]C(C)=O.[O-]C(C)=O.[Ru+2],P(C1=CC=CC=C1)(C2=CC=CC=C2)C3=CC=CC=C3,C1COCCO1,,1,1,,0.52,,10.1021/acscatal.9b04592,,,
105,10,23,C1(C2=CC=CC=C2)=NC=CC=N1,ClC(C)C1=CC=CC=C1,CC1=CC=C(C(C)C)C=C1.[O-]C(C)=O.[O-]C(C)=O.[Ru+2],P(C1=CC=CC=C1)(C2=CC=CC=C2)C3=CC=CC=C3,C1COCCO1,,1,1,,0.68,,10.1021/acscatal.9b04592,,,
106,10,24,C1(C2=CC=CC=C2)=NC=CC=N1,ClC(C)C1=CC=C(F)C=C1,CC1=CC=C(C(C)C)C=C1.[O-]C(C)=O.[O-]C(C)=O.[Ru+2],P(C1=CC=CC=C1)(C2=CC=CC=C2)C3=CC=CC=C3,C1COCCO1,,1,1,,0.81,,10.1021/acscatal.9b04592,,,
107,1,23,C1(C2=CC=CC=C2)=NC=CC=C1,ClC(C)C1=CC=CC=C1,CC1=CC=C(C(C)C)C=C1.[O-]C(C)=O.[O-]C(C)=O.[Ru+2],P(C1=CC=CC=C1)(C2=CC=CC=C2)C3=CC=CC=C3,C1COCCO1,,1,1,,0.74,,10.1021/acscatal.9b04592,,,
108,10,25,C1(C2=CC=CC=C2)=NC=CC=N1,ClC(C)C1=CC=CC=C1Cl,CC1=CC=C(C(C)C)C=C1.[O-]C(C)=O.[O-]C(C)=O.[Ru+2],P(C1=CC=CC=C1)(C2=CC=CC=C2)C3=CC=CC=C3,C1COCCO1,,1,1,,0.52,,10.1021/acscatal.9b04592,,,
109,35,23,CC(C=C1)=CC=C1C2=NCCO2,ClC(C)C1=CC=CC=C1,CC1=CC=C(C(C)C)C=C1.[O-]C(C)=O.[O-]C(C)=O.[Ru+2],P(C1=CC=CC=C1)(C2=CC=CC=C2)C3=CC=CC=C3,C1COCCO1,,1,1,,0.52,,10.1021/acscatal.9b04592,,,
110,1,21,C1(C2=CC=CC=C2)=NC=CC=C1,ClCC1=CC=C(OC)C=C1,CC1=CC=C(C(C)C)C=C1.[O-]C(C)=O.[O-]C(C)=O.[Ru+2],,C1COCCO1,,0,0,,0.91,,10.1021/acscatal.9b04592,,,
111,1,21,C1(C2=CC=CC=C2)=NC=CC=C1,ClCC1=CC=C(OC)C=C1,F[P-](F)(F)(F)(F)F.N#CC.N#CC.N#CC.N#CC.[Ru+2]C1=CC=CC=C1C2=NC=CC=C2,,C1COCCO1,,0,0.3913,,0.23,,10.1021/acscatal.9b04592,,,
112,1,21,C1(C2=CC=CC=C2)=NC=CC=C1,ClCC1=CC=C(OC)C=C1,F[P-](F)(F)(F)(F)F.N#CC.N#CC.N#CC.N#CC.[Ru+2]C1=CC=CC=C1C2=NC=CC=C2,P(C1=CC=CC=C1)(C2=CC=CC=C2)C3=CC=CC=C3,C1COCCO1,,1,0.71429,,0.07,,10.1021/acscatal.9b04592,,,
113,1,21,C1(C2=CC=CC=C2)=NC=CC=C1,ClCC1=CC=C(OC)C=C1,F[P-](F)(F)(F)(F)F.N#CC.N#CC.N#CC.N#CC.[Ru+2]C1=CC=CC=C1C2=NC=CC=C2,,C1COCCO1,[K]OC(C)=O,0,0,,0.76,,10.1021/acscatal.9b04592,,,
114,1,21,C1(C2=CC=CC=C2)=NC=CC=C1,ClCC1=CC=C(OC)C=C1,F[P-](F)(F)(F)(F)F.N#CC.N#CC.N#CC.N#CC.[Ru+2]C1=CC=CC=C1C2=NC=CC=C2,P(C1=CC=CC=C1)(C2=CC=CC=C2)C3=CC=CC=C3,C1COCCO1,[K]OC(C)=O,1,0.84211,,0.95,,10.1021/acscatal.9b04592,,,
115,37,26,FC(C=CC=C1)=C1C2=NC=CC=C2,BrC1=C(C#N)C=CC=C1,CC1=CC=C(C(C)C)C=C1.CC2=CC=C(C(C)C)C=C2.[Ru+2].[Cl-].[Cl-].[Ru+2].[Cl-].[Cl-],,CC1=CC=CC=C1,CC1=C(C(O)=O)C(C)=CC(C)=C1,4,0,,0.87,,10.1002/anie.201909457,,,
116,38,26,CN(C(C=CC=C1)=C1C2=NC=CC=C2)C,BrC1=C(C#N)C=CC=C1,CC1=CC=C(C(C)C)C=C1.CC2=CC=C(C(C)C)C=C2.[Ru+2].[Cl-].[Cl-].[Ru+2].[Cl-].[Cl-],,CC1=CC=CC=C1,CC1=C(C(O)=O)C(C)=CC(C)=C1,4,0,,0.61,,10.1002/anie.201909457,,,
117,24,26,CC(C=CC=C1)=C1C2=NC=CC=C2,BrC1=C(C#N)C=CC=C1,CC1=CC=C(C(C)C)C=C1.CC2=CC=C(C(C)C)C=C2.[Ru+2].[Cl-].[Cl-].[Ru+2].[Cl-].[Cl-],,CC1=CC=CC=C1,CC1=C(C(O)=O)C(C)=CC(C)=C1,4,0,,0.48,,10.1002/anie.201909457,,,
118,23,26,CC1=CC=CC(C2=NC=CC=C2)=C1,BrC1=C(C#N)C=CC=C1,CC1=CC=C(C(C)C)C=C1.CC2=CC=C(C(C)C)C=C2.[Ru+2].[Cl-].[Cl-].[Ru+2].[Cl-].[Cl-],,CC1=CC=CC=C1,CC1=C(C(O)=O)C(C)=CC(C)=C1,4,0,,0.08,,10.1002/anie.201909457,,,
119,1,26,C1(C2=CC=CC=C2)=NC=CC=C1,BrC1=C(C#N)C=CC=C1,CC1=CC=C(C(C)C)C=C1.CC2=CC=C(C(C)C)C=C2.[Ru+2].[Cl-].[Cl-].[Ru+2].[Cl-].[Cl-],,CC1=CC=CC=C1,CC1=C(C(O)=O)C(C)=CC(C)=C1,0,0,,0.08,,10.1002/anie.201909457,,,
120,39,26,CC(C(C=CC=C1)=C1C2=NC=CC=C2)C,BrC1=C(C#N)C=CC=C1,CC1=CC=C(C(C)C)C=C1.CC2=CC=C(C(C)C)C=C2.[Ru+2].[Cl-].[Cl-].[Ru+2].[Cl-].[Cl-],,CC1=CC=CC=C1,CC1=C(C(O)=O)C(C)=CC(C)=C1,4,0,,0.08,,10.1002/anie.201909457,,,
121,40,26,FC(C=C1)=CC=C1CC(C=CC=C2)=C2C3=NC=CC=C3,BrC1=C(C#N)C=CC=C1,CC1=CC=C(C(C)C)C=C1.CC2=CC=C(C(C)C)C=C2.[Ru+2].[Cl-].[Cl-].[Ru+2].[Cl-].[Cl-],,CC1=CC=CC=C1,CC1=C(C(O)=O)C(C)=CC(C)=C1,4,0,,0.05,,10.1002/anie.201909457,,,
122,14,27,COC(C=C1)=CC=C1C2=NC=CC=C2,CCCCCCBr,CC1=CC=C(C(C)C)C=C1.CC2=CC=C(C(C)C)C=C2.[Ru+2].[Cl-].[Cl-].[Ru+2].[Cl-].[Cl-],,CN1CCCC1=O,O=C(O)C12C[C@H]3C[C@H](C[C@H](C3)C2)C1,0,0,,0.53,,10.1021/ol200366n,,,
123,14,27,COC(C=C1)=CC=C1C2=NC=CC=C2,CCCCCCBr,CC1=CC=C(C(C)C)C=C1.CC2=CC=C(C(C)C)C=C2.[Ru+2].[Cl-].[Cl-].[Ru+2].[Cl-].[Cl-],,CN1CCCC1=O,CC1=C(C(O)=O)C(C)=CC(C)=C1,0,0,,0.48,,10.1021/ol200366n,,,
124,14,27,COC(C=C1)=CC=C1C2=NC=CC=C2,CCCCCCBr,CC1=CC=C(C(C)C)C=C1.CC2=CC=C(C(C)C)C=C2.[Ru+2].[Cl-].[Cl-].[Ru+2].[Cl-].[Cl-],,[H]O[H],CC1=C(C(O)=O)C(C)=CC(C)=C1,0,0.13462,,0.52,,10.1021/ol200366n,,,
125,14,27,COC(C=C1)=CC=C1C2=NC=CC=C2,CCCCCCBr,CC1=CC=C(C(C)C)C=C1.CC2=CC=C(C(C)C)C=C2.[Ru+2].[Cl-].[Cl-].[Ru+2].[Cl-].[Cl-],,,CC1=C(C(O)=O)C(C)=CC(C)=C1,0,0.13043,,0.46,,10.1021/ol200366n,,,
126,41,27,C/C(C1=CC=C(C)C=C1)=N\C2=CC=C(OC)C=C2,CCCCCCBr,CC1=CC=C(C(C)C)C=C1.CC2=CC=C(C(C)C)C=C2.[Ru+2].[Cl-].[Cl-].[Ru+2].[Cl-].[Cl-],,CC1=CC=CC(C)=C1,O=C(O)C12C[C@H]3C[C@H](C[C@H](C3)C2)C1,0,0,,0.77,,10.1021/ol200366n,,,
127,42,28,C/C(C1=CC=CC=C1)=N\C2=CC=C(OC)C=C2,CCCCCBr,CC1=CC=C(C(C)C)C=C1.CC2=CC=C(C(C)C)C=C2.[Ru+2].[Cl-].[Cl-].[Ru+2].[Cl-].[Cl-],,CC1=CC=CC(C)=C1,O=C(O)C12C[C@H]3C[C@H](C[C@H](C3)C2)C1,0,0,,0.81,,10.1021/ol200366n,,,
128,42,27,C/C(C1=CC=CC=C1)=N\C2=CC=C(OC)C=C2,CCCCCCBr,CC1=CC=C(C(C)C)C=C1.CC2=CC=C(C(C)C)C=C2.[Ru+2].[Cl-].[Cl-].[Ru+2].[Cl-].[Cl-],,CC1=CC=CC(C)=C1,O=C(O)C12C[C@H]3C[C@H](C[C@H](C3)C2)C1,0,0,,0.73,,10.1021/ol200366n,,,
129,42,29,C/C(C1=CC=CC=C1)=N\C2=CC=C(OC)C=C2,BrCCCCCCCC,CC1=CC=C(C(C)C)C=C1.CC2=CC=C(C(C)C)C=C2.[Ru+2].[Cl-].[Cl-].[Ru+2].[Cl-].[Cl-],,CC1=CC=CC(C)=C1,O=C(O)C12C[C@H]3C[C@H](C[C@H](C3)C2)C1,0,0,,0.58,,10.1021/ol200366n,,,
130,42,30,C/C(C1=CC=CC=C1)=N\C2=CC=C(OC)C=C2,BrCCCCCCCCCC,CC1=CC=C(C(C)C)C=C1.CC2=CC=C(C(C)C)C=C2.[Ru+2].[Cl-].[Cl-].[Ru+2].[Cl-].[Cl-],,CC1=CC=CC(C)=C1,O=C(O)C12C[C@H]3C[C@H](C[C@H](C3)C2)C1,0,0,,0.73,,10.1021/ol200366n,,,
131,42,31,C/C(C1=CC=CC=C1)=N\C2=CC=C(OC)C=C2,BrCCCCCCCCCCCC,CC1=CC=C(C(C)C)C=C1.CC2=CC=C(C(C)C)C=C2.[Ru+2].[Cl-].[Cl-].[Ru+2].[Cl-].[Cl-],,CC1=CC=CC(C)=C1,O=C(O)C12C[C@H]3C[C@H](C[C@H](C3)C2)C1,0,0,,0.77,,10.1021/ol200366n,,,
132,43,27,C/C(C1=CC=C(F)C=C1)=N\C2=CC=C(OC)C=C2,CCCCCCBr,CC1=CC=C(C(C)C)C=C1.CC2=CC=C(C(C)C)C=C2.[Ru+2].[Cl-].[Cl-].[Ru+2].[Cl-].[Cl-],,CC1=CC=CC(C)=C1,O=C(O)C12C[C@H]3C[C@H](C[C@H](C3)C2)C1,0,0,,0.76,,10.1021/ol200366n,,,
133,43,28,C/C(C1=CC=C(F)C=C1)=N\C2=CC=C(OC)C=C2,BrCCCCCCCC,CC1=CC=C(C(C)C)C=C1.CC2=CC=C(C(C)C)C=C2.[Ru+2].[Cl-].[Cl-].[Ru+2].[Cl-].[Cl-],,CC1=CC=CC(C)=C1,O=C(O)C12C[C@H]3C[C@H](C[C@H](C3)C2)C1,0,0,,0.66,,10.1021/ol200366n,,,
134,43,30,C/C(C1=CC=C(F)C=C1)=N\C2=CC=C(OC)C=C2,BrCCCCCCCCCC,CC1=CC=C(C(C)C)C=C1.CC2=CC=C(C(C)C)C=C2.[Ru+2].[Cl-].[Cl-].[Ru+2].[Cl-].[Cl-],,CC1=CC=CC(C)=C1,O=C(O)C12C[C@H]3C[C@H](C[C@H](C3)C2)C1,0,0,,0.63,,10.1021/ol200366n,,,
135,43,31,C/C(C1=CC=C(F)C=C1)=N\C2=CC=C(OC)C=C2,BrCCCCCCCCCCCC,CC1=CC=C(C(C)C)C=C1.CC2=CC=C(C(C)C)C=C2.[Ru+2].[Cl-].[Cl-].[Ru+2].[Cl-].[Cl-],,CC1=CC=CC(C)=C1,O=C(O)C12C[C@H]3C[C@H](C[C@H](C3)C2)C1,0,0,,0.69,,10.1021/ol200366n,,,
136,1,32,C1(C2=CC=CC=C2)=NC=CC=C1,CC1=CC=C(S(=O)(Cl)=O)C=C1,CC1=CC=C(C(C)C)C=C1.CC2=CC=C(C(C)C)C=C2.[Ru+2].[Cl-].[Cl-].[Ru+2].[Cl-].[Cl-],,C1COCCO1,,1,1,,0.27,,10.1021/ja208286b,,,
137,1,32,C1(C2=CC=CC=C2)=NC=CC=C1,CC1=CC=C(S(=O)(Cl)=O)C=C1,CC1=CC=C(C(C)C)C=C1.CC2=CC=C(C(C)C)C=C2.[Ru+2].[Cl-].[Cl-].[Ru+2].[Cl-].[Cl-],,CCOC(C)=O,,1,1,,0.24,,10.1021/ja208286b,,,
138,1,32,C1(C2=CC=CC=C2)=NC=CC=C1,CC1=CC=C(S(=O)(Cl)=O)C=C1,CC1=CC=C(C(C)C)C=C1.CC2=CC=C(C(C)C)C=C2.[Ru+2].[Cl-].[Cl-].[Ru+2].[Cl-].[Cl-],,C1COCC1,,1,1,,0.28,,10.1021/ja208286b,,,
139,1,32,C1(C2=CC=CC=C2)=NC=CC=C1,CC1=CC=C(S(=O)(Cl)=O)C=C1,CC1=CC=C(C(C)C)C=C1.CC2=CC=C(C(C)C)C=C2.[Ru+2].[Cl-].[Cl-].[Ru+2].[Cl-].[Cl-],,CC1=CC=CC=C1,,1,1,,0.05,,10.1021/ja208286b,,,
140,1,32,C1(C2=CC=CC=C2)=NC=CC=C1,CC1=CC=C(S(=O)(Cl)=O)C=C1,CC1=CC=C(C(C)C)C=C1.CC2=CC=C(C(C)C)C=C2.[Ru+2].[Cl-].[Cl-].[Ru+2].[Cl-].[Cl-],,N#CC,,1,1,,0.62,,10.1021/ja208286b,,,
141,1,33,C1(C2=CC=CC=C2)=NC=CC=C1,O=S(C1=CC=CC=C1)(Cl)=O,CC1=CC=C(C(C)C)C=C1.CC2=CC=C(C(C)C)C=C2.[Ru+2].[Cl-].[Cl-].[Ru+2].[Cl-].[Cl-],,N#CC,,1,1,,0.7,,10.1021/ja208286b,,,
142,1,34,C1(C2=CC=CC=C2)=NC=CC=C1,O=S(C1=CC=C(C(C)(C)C)C=C1)(Cl)=O,CC1=CC=C(C(C)C)C=C1.CC2=CC=C(C(C)C)C=C2.[Ru+2].[Cl-].[Cl-].[Ru+2].[Cl-].[Cl-],,N#CC,,1,1,,0.72,,10.1021/ja208286b,,,
143,1,35,C1(C2=CC=CC=C2)=NC=CC=C1,O=S(C1=CC=CC(C)=C1)(Cl)=O,CC1=CC=C(C(C)C)C=C1.CC2=CC=C(C(C)C)C=C2.[Ru+2].[Cl-].[Cl-].[Ru+2].[Cl-].[Cl-],,N#CC,,1,1,,0.63,,10.1021/ja208286b,,,
144,1,36,C1(C2=CC=CC=C2)=NC=CC=C1,O=S(C1=C(C)C=C(C)C=C1C)(Cl)=O,CC1=CC=C(C(C)C)C=C1.CC2=CC=C(C(C)C)C=C2.[Ru+2].[Cl-].[Cl-].[Ru+2].[Cl-].[Cl-],,N#CC,,1,1,,0.23,,10.1021/ja208286b,,,
145,1,37,C1(C2=CC=CC=C2)=NC=CC=C1,O=S(C1=CC=C(C=CC=C2)C2=C1)(Cl)=O,CC1=CC=C(C(C)C)C=C1.CC2=CC=C(C(C)C)C=C2.[Ru+2].[Cl-].[Cl-].[Ru+2].[Cl-].[Cl-],,N#CC,,1,1,,0.59,,10.1021/ja208286b,,,
146,1,38,C1(C2=CC=CC=C2)=NC=CC=C1,O=S(C1=CC=C(Br)C=C1)(Cl)=O,CC1=CC=C(C(C)C)C=C1.CC2=CC=C(C(C)C)C=C2.[Ru+2].[Cl-].[Cl-].[Ru+2].[Cl-].[Cl-],,N#CC,,1,1,,0.74,,10.1021/ja208286b,,,
147,1,39,C1(C2=CC=CC=C2)=NC=CC=C1,O=S(C1=CC=C(F)C=C1)(Cl)=O,CC1=CC=C(C(C)C)C=C1.CC2=CC=C(C(C)C)C=C2.[Ru+2].[Cl-].[Cl-].[Ru+2].[Cl-].[Cl-],,N#CC,,1,1,,0.54,,10.1021/ja208286b,,,
148,1,40,C1(C2=CC=CC=C2)=NC=CC=C1,O=S(C1=CC=C(C(F)(F)F)C=C1)(Cl)=O,CC1=CC=C(C(C)C)C=C1.CC2=CC=C(C(C)C)C=C2.[Ru+2].[Cl-].[Cl-].[Ru+2].[Cl-].[Cl-],,N#CC,,1,1,,0.5,,10.1021/ja208286b,,,
149,17,32,CC(C=C1)=CC=C1C2=NC=CC=C2,CC1=CC=C(S(=O)(Cl)=O)C=C1,CC1=CC=C(C(C)C)C=C1.CC2=CC=C(C(C)C)C=C2.[Ru+2].[Cl-].[Cl-].[Ru+2].[Cl-].[Cl-],,N#CC,,1,1,,0.56,,10.1021/ja208286b,,,
150,14,32,COC(C=C1)=CC=C1C2=NC=CC=C2,CC1=CC=C(S(=O)(Cl)=O)C=C1,CC1=CC=C(C(C)C)C=C1.CC2=CC=C(C(C)C)C=C2.[Ru+2].[Cl-].[Cl-].[Ru+2].[Cl-].[Cl-],,N#CC,,1,1,,0.43,,10.1021/ja208286b,,,
151,13,32,CC1=CC=CN=C1C2=CC=CC=C2,CC1=CC=C(S(=O)(Cl)=O)C=C1,CC1=CC=C(C(C)C)C=C1.CC2=CC=C(C(C)C)C=C2.[Ru+2].[Cl-].[Cl-].[Ru+2].[Cl-].[Cl-],,N#CC,,1,1,,0.48,,10.1021/ja208286b,,,
152,44,32,C1(C=CC=C2)=C2C(C3=CC=CC=C3)=NC=C1,CC1=CC=C(S(=O)(Cl)=O)C=C1,CC1=CC=C(C(C)C)C=C1.CC2=CC=C(C(C)C)C=C2.[Ru+2].[Cl-].[Cl-].[Ru+2].[Cl-].[Cl-],,N#CC,,1,1,,0.4,,10.1021/ja208286b,,,
153,45,32,CC(C=C1)=CC=C1C2=NC=CC3=C2C=CC=C3,CC1=CC=C(S(=O)(Cl)=O)C=C1,CC1=CC=C(C(C)C)C=C1.CC2=CC=C(C(C)C)C=C2.[Ru+2].[Cl-].[Cl-].[Ru+2].[Cl-].[Cl-],,N#CC,,1,1,,0.33,,10.1021/ja208286b,,,
154,35,41,C1(C2=CC=CC=C2)=NCCO1,BrC(C(OC)=O)CCCC,CC1=CC=C(C(C)C)C=C1.CC2=C(C([O-])=O)C(C)=CC(C)=C2.CC3=C(C([O-])=O)C(C)=CC(C)=C3.[Ru+2],P(C1=CC=CC=C1)(C2=CC=CC=C2)C3=CC=CC=C3,CC1=CC=CC=C1,,1,1,,0.17,,10.1021/acscatal.7b03648 ,,,
155,35,41,C1(C2=CC=CC=C2)=NCCO1,BrC(C(OC)=O)CCCC,CC1=CC=C(C(C)C)C=C1.CC2=C(C([O-])=O)C(C)=CC(C)=C2.CC3=C(C([O-])=O)C(C)=CC(C)=C3.[Ru+2],P(C1=CC=CC=C1)(C2=CC=CC=C2)C3=CC=CC=C3,ClCCCl,,1,1,,0.1,,10.1021/acscatal.7b03648 ,,,
156,35,41,C1(C2=CC=CC=C2)=NCCO1,BrC(C(OC)=O)CCCC,CC1=CC=C(C(C)C)C=C1.CC2=C(C([O-])=O)C(C)=CC(C)=C2.CC3=C(C([O-])=O)C(C)=CC(C)=C3.[Ru+2],P(C1=CC=CC=C1)(C2=CC=CC=C2)C3=CC=CC=C3,C1COCCO1,,1,1,,0.76,,10.1021/acscatal.7b03648 ,,,
157,35,41,C1(C2=CC=CC=C2)=NCCO1,BrC(C(OC)=O)CCCC,CC1=CC=C(C(C)C)C=C1.O=C(C23C[C@H]4C[C@H](C[C@H](C4)C3)C2)[O-].O=C(C56C[C@H]7C[C@H](C[C@H](C7)C6)C5)[O-].[Ru+2],P(C1=CC=CC=C1)(C2=CC=CC=C2)C3=CC=CC=C3,C1COCCO1,,1,1,,0.73,,10.1021/acscatal.7b03648 ,,,
158,46,41,CC(C=C1)=CC=C1C2=NCCO2,BrC(C(OC)=O)CCCC,CC1=CC=C(C(C)C)C=C1.CC2=C(C([O-])=O)C(C)=CC(C)=C2.CC3=C(C([O-])=O)C(C)=CC(C)=C3.[Ru+2],P(C1=CC=CC=C1)(C2=CC=CC=C2)C3=CC=CC=C3,C1COCCO1,,1,1,,0.78,,10.1021/acscatal.7b03648 ,,,
159,47,41,FC(C(C=C1)=CC=C1C2=NCCO2)(F)F,BrC(C(OC)=O)CCCC,CC1=CC=C(C(C)C)C=C1.CC2=C(C([O-])=O)C(C)=CC(C)=C2.CC3=C(C([O-])=O)C(C)=CC(C)=C3.[Ru+2],P(C1=CC=CC=C1)(C2=CC=CC=C2)C3=CC=CC=C3,C1COCCO1,,1,1,,0.53,,10.1021/acscatal.7b03648 ,,,
160,48,41,COC(C=C1)=CC=C1C2=NCCO2,BrC(C(OC)=O)CCCC,CC1=CC=C(C(C)C)C=C1.CC2=C(C([O-])=O)C(C)=CC(C)=C2.CC3=C(C([O-])=O)C(C)=CC(C)=C3.[Ru+2],P(C1=CC=CC=C1)(C2=CC=CC=C2)C3=CC=CC=C3,C1COCCO1,,1,1,,0.7,,10.1021/acscatal.7b03648 ,,,
161,49,41,FC(C=C1)=CC=C1C2=NCCO2,BrC(C(OC)=O)CCCC,CC1=CC=C(C(C)C)C=C1.CC2=C(C([O-])=O)C(C)=CC(C)=C2.CC3=C(C([O-])=O)C(C)=CC(C)=C3.[Ru+2],P(C1=CC=CC=C1)(C2=CC=CC=C2)C3=CC=CC=C3,C1COCCO1,,1,1,,0.61,,10.1021/acscatal.7b03648 ,,,
162,50,41,ClC(C=C1)=CC=C1C2=NCCO2,BrC(C(OC)=O)CCCC,CC1=CC=C(C(C)C)C=C1.CC2=C(C([O-])=O)C(C)=CC(C)=C2.CC3=C(C([O-])=O)C(C)=CC(C)=C3.[Ru+2],P(C1=CC=CC=C1)(C2=CC=CC=C2)C3=CC=CC=C3,C1COCCO1,,1,1,,0.71,,10.1021/acscatal.7b03648 ,,,
163,36,41,BrC(C=C1)=CC=C1C2=NCCO2,BrC(C(OC)=O)CCCC,CC1=CC=C(C(C)C)C=C1.CC2=C(C([O-])=O)C(C)=CC(C)=C2.CC3=C(C([O-])=O)C(C)=CC(C)=C3.[Ru+2],P(C1=CC=CC=C1)(C2=CC=CC=C2)C3=CC=CC=C3,C1COCCO1,,1,1,,0.67,,10.1021/acscatal.7b03648 ,,,
164,51,41,FC(C=CC=C1)=C1C2=NCCO2,BrC(C(OC)=O)CCCC,CC1=CC=C(C(C)C)C=C1.CC2=C(C([O-])=O)C(C)=CC(C)=C2.CC3=C(C([O-])=O)C(C)=CC(C)=C3.[Ru+2],P(C1=CC=CC=C1)(C2=CC=CC=C2)C3=CC=CC=C3,C1COCCO1,,1,1,,0.73,,10.1021/acscatal.7b03648 ,,,
165,52,41,CCOC(C=CC=C1)=C1C2=NCCO2,BrC(C(OC)=O)CCCC,CC1=CC=C(C(C)C)C=C1.CC2=C(C([O-])=O)C(C)=CC(C)=C2.CC3=C(C([O-])=O)C(C)=CC(C)=C3.[Ru+2],P(C1=CC=CC=C1)(C2=CC=CC=C2)C3=CC=CC=C3,C1COCCO1,,1,1,,0.5,,10.1021/acscatal.7b03648 ,,,
166,53,42,C1(C2=CC=CC=C2)=NCCO1,BrC(C(OC)=O)C,CC1=CC=C(C(C)C)C=C1.CC2=C(C([O-])=O)C(C)=CC(C)=C2.CC3=C(C([O-])=O)C(C)=CC(C)=C3.[Ru+2],P(C1=CC=CC=C1)(C2=CC=CC=C2)C3=CC=CC=C3,C1COCCO1,,1,1,,0.8,,10.1021/acscatal.7b03648 ,,,
167,53,41,CC1OC(C2=CC=CC=C2)=NC1,BrC(C(OC)=O)CCCC,CC1=CC=C(C(C)C)C=C1.CC2=C(C([O-])=O)C(C)=CC(C)=C2.CC3=C(C([O-])=O)C(C)=CC(C)=C3.[Ru+2],P(C1=CC=CC=C1)(C2=CC=CC=C2)C3=CC=CC=C3,C1COCCO1,,1,1,,0.64,,10.1021/acscatal.7b03648 ,,,
168,54,41,C1(C2=CC=CC=C2)=NCC(C3=CC=CC=C3)O1,BrC(C(OC)=O)CCCC,CC1=CC=C(C(C)C)C=C1.CC2=C(C([O-])=O)C(C)=CC(C)=C2.CC3=C(C([O-])=O)C(C)=CC(C)=C3.[Ru+2],P(C1=CC=CC=C1)(C2=CC=CC=C2)C3=CC=CC=C3,C1COCCO1,,1,1,,0.86,,10.1021/acscatal.7b03648 ,,,
169,35,43,C1(C2=CC=CC=C2)=NCCO1,BrC(C(OCC(F)(F)F)=O)C,CC1=CC=C(C(C)C)C=C1.CC2=C(C([O-])=O)C(C)=CC(C)=C2.CC3=C(C([O-])=O)C(C)=CC(C)=C3.[Ru+2],P(C1=CC=CC=C1)(C2=CC=CC=C2)C3=CC=CC=C3,C1COCCO1,,1,1,,0.77,,10.1021/acscatal.7b03648 ,,,
170,35,44,C1(C2=CC=CC=C2)=NCCO1,BrC(C(OC)=O)CCCBr,CC1=CC=C(C(C)C)C=C1.CC2=C(C([O-])=O)C(C)=CC(C)=C2.CC3=C(C([O-])=O)C(C)=CC(C)=C3.[Ru+2],P(C1=CC=CC=C1)(C2=CC=CC=C2)C3=CC=CC=C3,C1COCCO1,,1,1,,0.63,,10.1021/acscatal.7b03648 ,,,
171,55,41,C1(C2=NCCCO2)=CC=CC=C1,BrC(C(OC)=O)CCCC,CC1=CC=C(C(C)C)C=C1.CC2=C(C([O-])=O)C(C)=CC(C)=C2.CC3=C(C([O-])=O)C(C)=CC(C)=C3.[Ru+2],P(C1=CC=CC=C1)(C2=CC=CC=C2)C3=CC=CC=C3,C1COCCO1,,1,1,,0.59,,10.1021/acscatal.7b03648 ,,,
172,10,41,C1(C2=CC=CC=C2)=NC=CC=N1,BrC(C(OC)=O)CCCC,CC1=CC=C(C(C)C)C=C1.O=C(C23C[C@H]4C[C@H](C[C@H](C4)C3)C2)[O-].O=C(C56C[C@H]7C[C@H](C[C@H](C7)C6)C5)[O-].[Ru+2],P(C1=CC=CC=C1)(C2=CC=CC=C2)C3=CC=CC=C3,C1COCCO1,,1,1,,0.85,,10.1021/acscatal.7b03648 ,,,
173,56,41,CC(C=C1)=CC=C1C2=NC=CC=N2,BrC(C(OC)=O)CCCC,CC1=CC=C(C(C)C)C=C1.O=C(C23C[C@H]4C[C@H](C[C@H](C4)C3)C2)[O-].O=C(C56C[C@H]7C[C@H](C[C@H](C7)C6)C5)[O-].[Ru+2],P(C1=CC=CC=C1)(C2=CC=CC=C2)C3=CC=CC=C3,C1COCCO1,,1,1,,0.82,,10.1021/acscatal.7b03648 ,,,
174,16,41,COC(C=C1)=CC=C1C2=NC=CC=N2,BrC(C(OC)=O)CCCC,CC1=CC=C(C(C)C)C=C1.O=C(C23C[C@H]4C[C@H](C[C@H](C4)C3)C2)[O-].O=C(C56C[C@H]7C[C@H](C[C@H](C7)C6)C5)[O-].[Ru+2],P(C1=CC=CC=C1)(C2=CC=CC=C2)C3=CC=CC=C3,C1COCCO1,,1,1,,0.73,,10.1021/acscatal.7b03648 ,,,
175,57,41,ClC(C=C1)=CC=C1C2=NC=CC=N2,BrC(C(OC)=O)CCCC,CC1=CC=C(C(C)C)C=C1.O=C(C23C[C@H]4C[C@H](C[C@H](C4)C3)C2)[O-].O=C(C56C[C@H]7C[C@H](C[C@H](C7)C6)C5)[O-].[Ru+2],P(C1=CC=CC=C1)(C2=CC=CC=C2)C3=CC=CC=C3,C1COCCO1,,1,1,,0.67,,10.1021/acscatal.7b03648 ,,,
176,58,41,O=C(C(C=C1)=CC=C1C2=NC=CC=N2)OC,BrC(C(OC)=O)CCCC,CC1=CC=C(C(C)C)C=C1.O=C(C23C[C@H]4C[C@H](C[C@H](C4)C3)C2)[O-].O=C(C56C[C@H]7C[C@H](C[C@H](C7)C6)C5)[O-].[Ru+2],P(C1=CC=CC=C1)(C2=CC=CC=C2)C3=CC=CC=C3,C1COCCO1,,1,1,,0.74,,10.1021/acscatal.7b03648 ,,,
177,7,41,N1(C2=CC=CC=C2)C=CC=N1,BrC(C(OC)=O)CCCC,CC1=CC=C(C(C)C)C=C1.O=C(C23C[C@H]4C[C@H](C[C@H](C4)C3)C2)[O-].O=C(C56C[C@H]7C[C@H](C[C@H](C7)C6)C5)[O-].[Ru+2],P(C1=CC=CC=C1)(C2=CC=CC=C2)C3=CC=CC=C3,C1COCCO1,,1,1,,0.71,,10.1021/acscatal.7b03648 ,,,
178,59,41,BrC1=CN(C2=CC=CC=C2)N=C1,BrC(C(OC)=O)CCCC,CC1=CC=C(C(C)C)C=C1.O=C(C23C[C@H]4C[C@H](C[C@H](C4)C3)C2)[O-].O=C(C56C[C@H]7C[C@H](C[C@H](C7)C6)C5)[O-].[Ru+2],P(C1=CC=CC=C1)(C2=CC=CC=C2)C3=CC=CC=C3,C1COCCO1,,1,1,,0.84,,10.1021/acscatal.7b03648 ,,,
179,33,41,CC1=NN(C2=CC=CC=C2)C(C)=C1,BrC(C(OC)=O)CCCC,CC1=CC=C(C(C)C)C=C1.O=C(C23C[C@H]4C[C@H](C[C@H](C4)C3)C2)[O-].O=C(C56C[C@H]7C[C@H](C[C@H](C7)C6)C5)[O-].[Ru+2],P(C1=CC=CC=C1)(C2=CC=CC=C2)C3=CC=CC=C3,C1COCCO1,,1,1,,0.52,,10.1021/acscatal.7b03648 ,,,
180,60,41,CC(N1C=NC(C1=NC=N2)=C2C3=CC=CC=C3)C,BrC(C(OC)=O)CCCC,CC1=CC=C(C(C)C)C=C1.O=C(C23C[C@H]4C[C@H](C[C@H](C4)C3)C2)[O-].O=C(C56C[C@H]7C[C@H](C[C@H](C7)C6)C5)[O-].[Ru+2],P(C1=CC=CC=C1)(C2=CC=CC=C2)C3=CC=CC=C3,C1COCCO1,,1,1,,0.87,,10.1021/acscatal.7b03648 ,,,
181,10,45,C1(C2=CC=CC=C2)=NC=CC=N1,BrCC(OC)=O,CC1=CC=C(C(C)C)C=C1.O=C(C23C[C@H]4C[C@H](C[C@H](C4)C3)C2)[O-].O=C(C56C[C@H]7C[C@H](C[C@H](C7)C6)C5)[O-].[Ru+2],P(C1=CC=CC=C1)(C2=CC=CC=C2)C3=CC=CC=C3,C1COCCO1,,1,1,,0.5,,10.1021/acscatal.7b03648 ,,,
182,10,46,C1(C2=CC=CC=C2)=NC=CC=N1,BrC(CCCC)C(N1CCCCC1)=O,CC1=CC=C(C(C)C)C=C1.O=C(C23C[C@H]4C[C@H](C[C@H](C4)C3)C2)[O-].O=C(C56C[C@H]7C[C@H](C[C@H](C7)C6)C5)[O-].[Ru+2],P(C1=CC=CC=C1)(C2=CC=CC=C2)C3=CC=CC=C3,C1COCCO1,,1,1,,0.65,,10.1021/acscatal.7b03648 ,,,
183,10,47,C1(C2=CC=CC=C2)=NC=CC=N1,BrC(CCC)C(C1=CC=CC=C1)=O,CC1=CC=C(C(C)C)C=C1.O=C(C23C[C@H]4C[C@H](C[C@H](C4)C3)C2)[O-].O=C(C56C[C@H]7C[C@H](C[C@H](C7)C6)C5)[O-].[Ru+2],P(C1=CC=CC=C1)(C2=CC=CC=C2)C3=CC=CC=C3,C1COCCO1,,1,1,,0.71,,10.1021/acscatal.7b03648 ,,,
184,10,48,C1(C2=CC=CC=C2)=NC=CC=N1,BrC(C)C(N1CCOCC1)=O,CC1=CC=C(C(C)C)C=C1.O=C(C23C[C@H]4C[C@H](C[C@H](C4)C3)C2)[O-].O=C(C56C[C@H]7C[C@H](C[C@H](C7)C6)C5)[O-].[Ru+2],P(C1=CC=CC=C1)(C2=CC=CC=C2)C3=CC=CC=C3,C1COCCO1,,1,1,,0.71,,10.1021/acscatal.7b03648 ,,,
185,10,49,C1(C2=CC=CC=C2)=NC=CC=N1,O=C1CCCCC1Br,CC1=CC=C(C(C)C)C=C1.O=C(C23C[C@H]4C[C@H](C[C@H](C4)C3)C2)[O-].O=C(C56C[C@H]7C[C@H](C[C@H](C7)C6)C5)[O-].[Ru+2],P(C1=CC=CC=C1)(C2=CC=CC=C2)C3=CC=CC=C3,C1COCCO1,,1,1,,0.54,,10.1021/acscatal.7b03648 ,,,
186,10,50,C1(C2=CC=CC=C2)=NC=CC=N1,BrC(C)C(N(CC)CC)=O,CC1=CC=C(C(C)C)C=C1.O=C(C23C[C@H]4C[C@H](C[C@H](C4)C3)C2)[O-].O=C(C56C[C@H]7C[C@H](C[C@H](C7)C6)C5)[O-].[Ru+2],P(C1=CC=CC=C1)(C2=CC=CC=C2)C3=CC=CC=C3,C1COCCO1,,1,1,,0.63,,10.1021/acscatal.7b03648 ,,,
187,10,44,C1(C2=CC=CC=C2)=NC=CC=C1,BrC(CCCBr)C(OC)=O,CC1=CC=C(C(C)C)C=C1.O=C(C23C[C@H]4C[C@H](C[C@H](C4)C3)C2)[O-].O=C(C56C[C@H]7C[C@H](C[C@H](C7)C6)C5)[O-].[Ru+2],P(C1=CC=CC=C1)(C2=CC=CC=C2)C3=CC=CC=C3,C1COCCO1,,1,1,,0.56,,10.1021/acscatal.7b03648 ,,,
188,61,2,C1(NC2=NC=CC=N2)=CC=CC=C1,BrC(C)(C)C(OCC)=O,CC1=CC=C(C(C)C)C=C1.CC2=C(C([O-])=O)C(C)=CC(C)=C2.CC3=C(C([O-])=O)C(C)=CC(C)=C3.[Ru+2],P(C1=CC=CC=C1)(C2=CC=CC=C2)C3=CC=CC=C3,CC1=CC=CC(C)=C1,,2,0,0,0.33,,10.1021/acscatal.7b03648 ,,,
189,62,2,ClC(C=N1)=CN=C1NC2=CC=CC=C2,BrC(C)(C)C(OCC)=O,CC1=CC=C(C(C)C)C=C1.CC2=C(C([O-])=O)C(C)=CC(C)=C2.CC3=C(C([O-])=O)C(C)=CC(C)=C3.[Ru+2],P(C1=CC=CC=C1)(C2=CC=CC=C2)C3=CC=CC=C3,CC1=CC=CC(C)=C1,,2,0,0,0.56,,10.1021/acscatal.7b03648 ,,,
190,63,51,FC1=CC=C(NC2=NC=CC=N2)C=C1,BrC(C)(C)C,CC1=CC=C(C(C)C)C=C1.CC2=CC=C(C(C)C)C=C2.[Ru+2].[Cl-].[Cl-].[Ru+2].[Cl-].[Cl-],,C1COCCO1,CC1=C(C(O)=O)C(C)=CC(C)=C1,1,1,,0.3,,10.1021/jacs.5b08435 ,,,
191,63,51,FC1=CC=C(NC2=NC=CC=N2)C=C1,BrC(C)(C)C,CC1=CC=C(C(C)C)C=C1.CC2=CC=C(C(C)C)C=C2.[Ru+2].[Cl-].[Cl-].[Ru+2].[Cl-].[Cl-],,C1COCCO1,[K]OC(C)=O,1,1,,0.26,,10.1021/jacs.5b08435 ,,,
192,63,51,FC1=CC=C(NC2=NC=CC=N2)C=C1,BrC(C)(C)C,CC1=CC=C(C(C)C)C=C1.CC2=CC=C(C(C)C)C=C2.[Ru+2].[Cl-].[Cl-].[Ru+2].[Cl-].[Cl-],,C1COCCO1,CC(C)(C(NC(C(C)C)C(O)=O)=O)C,1,1,,0.66,,10.1021/jacs.5b08435 ,,,
193,64,51,FC1=CC=C(NC2=CC=CC=N2)C=C1,BrC(C)(C)C,CC1=CC=C(C(C)C)C=C1.CC2=CC=C(C(C)C)C=C2.[Ru+2].[Cl-].[Cl-].[Ru+2].[Cl-].[Cl-],,C1COCCO1,CC(C)(C(NC(C(C)C)C(O)=O)=O)C,1,1,,0.36,,10.1021/jacs.5b08435 ,,,
194,61,51,C1(NC2=NC=CC=N2)=CC=CC=C1,BrC(C)(C)C,CC1=CC=C(C(C)C)C=C1.CC2=CC=C(C(C)C)C=C2.[Ru+2].[Cl-].[Cl-].[Ru+2].[Cl-].[Cl-],,C1COCCO1,CC(C)(C(NC(C(C)C)C(O)=O)=O)C,1,1,,0.53,,10.1021/jacs.5b08435 ,,,
195,66,51,COC1=CC=C(NC2=NC=CC=N2)C=C1,BrC(C)(C)C,CC1=CC=C(C(C)C)C=C1.CC2=CC=C(C(C)C)C=C2.[Ru+2].[Cl-].[Cl-].[Ru+2].[Cl-].[Cl-],,C1COCCO1,CC(C)(C(NC(C(C)C)C(O)=O)=O)C,1,1,,0.54,,10.1021/jacs.5b08435 ,,,
196,67,51,BrC1=CC=C(NC2=NC=CC=N2)C=C1,BrC(C)(C)C,CC1=CC=C(C(C)C)C=C1.CC2=CC=C(C(C)C)C=C2.[Ru+2].[Cl-].[Cl-].[Ru+2].[Cl-].[Cl-],,C1COCCO1,CC(C)(C(NC(C(C)C)C(O)=O)=O)C,1,1,,0.46,,10.1021/jacs.5b08435 ,,,
197,68,51,ClC1=CC=C(NC2=NC=CC=N2)C=C1,BrC(C)(C)C,CC1=CC=C(C(C)C)C=C1.CC2=CC=C(C(C)C)C=C2.[Ru+2].[Cl-].[Cl-].[Ru+2].[Cl-].[Cl-],,C1COCCO1,CC(C)(C(NC(C(C)C)C(O)=O)=O)C,1,1,,0.58,,10.1021/jacs.5b08435 ,,,
198,65,52,FC1=CC=C(C=C1)NC2=NC=CC=C2,BrC1(C)CCCCC1,CC1=CC=C(C(C)C)C=C1.CC2=CC=C(C(C)C)C=C2.[Ru+2].[Cl-].[Cl-].[Ru+2].[Cl-].[Cl-],,C1COCCO1,CC(C)(C(NC(C(C)C)C(O)=O)=O)C,1,1,,0.6,,10.1021/jacs.5b08435 ,,,
199,65,53,FC1=CC=C(C=C1)NC2=NC=CC=C2,CCC(Br)(C)C,CC1=CC=C(C(C)C)C=C1.CC2=CC=C(C(C)C)C=C2.[Ru+2].[Cl-].[Cl-].[Ru+2].[Cl-].[Cl-],,C1COCCO1,CC(C)(C(NC(C(C)C)C(O)=O)=O)C,1,1,,0.58,,10.1021/jacs.5b08435 ,,,
200,65,54,FC1=CC=C(C=C1)NC2=NC=CC=C2,CC(Br)(C)CCC,CC1=CC=C(C(C)C)C=C1.CC2=CC=C(C(C)C)C=C2.[Ru+2].[Cl-].[Cl-].[Ru+2].[Cl-].[Cl-],,C1COCCO1,CC(C)(C(NC(C(C)C)C(O)=O)=O)C,1,1,,0.53,,10.1021/jacs.5b08435 ,,,
201,65,55,FC1=CC=C(C=C1)NC2=NC=CC=C2,CC(Br)(C)CCC1=CC=CC=C1,CC1=CC=C(C(C)C)C=C1.CC2=CC=C(C(C)C)C=C2.[Ru+2].[Cl-].[Cl-].[Ru+2].[Cl-].[Cl-],,C1COCCO1,CC(C)(C(NC(C(C)C)C(O)=O)=O)C,1,1,,0.56,,10.1021/jacs.5b08435 ,,,
202,65,56,FC1=CC=C(C=C1)NC2=NC=CC=C2,CC(Br)(C)CC/C=C(C)/C,CC1=CC=C(C(C)C)C=C1.CC2=CC=C(C(C)C)C=C2.[Ru+2].[Cl-].[Cl-].[Ru+2].[Cl-].[Cl-],,C1COCCO1,CC(C)(C(NC(C(C)C)C(O)=O)=O)C,1,1,,0.58,,10.1021/jacs.5b08435 ,,,
203,65,57,FC1=CC=C(C=C1)NC2=NC=CC=C2,CC(Br)(C)CCCCl,CC1=CC=C(C(C)C)C=C1.CC2=CC=C(C(C)C)C=C2.[Ru+2].[Cl-].[Cl-].[Ru+2].[Cl-].[Cl-],,C1COCCO1,CC(C)(C(NC(C(C)C)C(O)=O)=O)C,1,1,,0.64,,10.1021/jacs.5b08435 ,,,
204,61,58,C1(NC2=NC=CC=N2)=CC=CC=C1,BrC(C)(C)C(OC)=O,CC1=CC=C(C(C)C)C=C1.CC2=CC=C(C(C)C)C=C2.[Ru+2].[Cl-].[Cl-].[Ru+2].[Cl-].[Cl-],,C1COCCO1,[Na]OC(C)=O,2,0,0,0.35,,10.1002/anie.201708961 ,,,
205,62,58,ClC(C=N1)=CN=C1NC2=CC=CC=C2,BrC(C)(C)C(OC)=O,CC1=CC=C(C(C)C)C=C1.CC2=CC=C(C(C)C)C=C2.[Ru+2].[Cl-].[Cl-].[Ru+2].[Cl-].[Cl-],,C1COCCO1,[Na]OC(C)=O,2,0,0,0.39,,10.1002/anie.201708961 ,,,
206,69,58,ClC1=NC(NC2=CC=CC=C2)=NC(Cl)=C1,BrC(C)(C)C(OC)=O,CC1=CC=C(C(C)C)C=C1.CC2=CC=C(C(C)C)C=C2.[Ru+2].[Cl-].[Cl-].[Ru+2].[Cl-].[Cl-],,C1COCCO1,[Na]OC(C)=O,2,0,0,0.16,,10.1002/anie.201708961 ,,,
207,62,58,ClC(C=N1)=CN=C1NC2=CC=CC=C2,BrC(C)(C)C(OC)=O,CC1=CC=C(C(C)C)C=C1.CC2=CC=C(C(C)C)C=C2.[Ru+2].[Cl-].[Cl-].[Ru+2].[Cl-].[Cl-],,CC1=CC=CC=C1,[Na]OC(C)=O,2,0,0,0.56,,10.1002/anie.201708961 ,,,
208,62,58,ClC(C=N1)=CN=C1NC2=CC=CC=C2,BrC(C)(C)C(OC)=O,CC1=CC=C(C(C)C)C=C1.CC2=CC=C(C(C)C)C=C2.[Ru+2].[Cl-].[Cl-].[Ru+2].[Cl-].[Cl-],,ClCCCl,[Na]OC(C)=O,2,0,0,0.56,,10.1002/anie.201708961 ,,,
209,62,58,ClC(C=N1)=CN=C1NC2=CC=CC=C2,BrC(C)(C)C(OC)=O,CC1=CC=C(C(C)C)C=C1.CC2=CC=C(C(C)C)C=C2.[Ru+2].[Cl-].[Cl-].[Ru+2].[Cl-].[Cl-],,COC(C)(C)C,[Na]OC(C)=O,2,0,0,0.81,,10.1002/anie.201708961 ,,,
210,62,58,ClC(C=N1)=CN=C1NC2=CC=CC=C2,BrC(C)(C)C(OC)=O,CC1=CC=C(C(C)C)C=C1.CC2=CC=C(C(C)C)C=C2.[Ru+2].[Cl-].[Cl-].[Ru+2].[Cl-].[Cl-],,COC(C)(C)C,CC1=C(C(O)=O)C(C)=CC(C)=C1,2,0,0,0.77,,10.1002/anie.201708961 ,,,
211,62,58,ClC(C=N1)=CN=C1NC2=CC=CC=C2,BrC(C)(C)C(OC)=O,CC1=CC=C(C(C)C)C=C1.CC2=CC=C(C(C)C)C=C2.[Ru+2].[Cl-].[Cl-].[Ru+2].[Cl-].[Cl-],,COC(C)(C)C,CC(C)(C(NC(C(C)C)C(O)=O)=O)C,2,0,0,0.77,,10.1002/anie.201708961 ,,,
212,62,58,ClC(C=N1)=CN=C1NC2=CC=CC=C2,BrC(C)(C)C(OC)=O,CC1=CC=C(C(C)C)C=C1.CC2=CC=C(C(C)C)C=C2.[Ru+2].[Cl-].[Cl-].[Ru+2].[Cl-].[Cl-],,COC(C)(C)C,CNCCNC,2,0,0,0.85,,10.1002/anie.201708961 ,,,
213,62,58,ClC(C=N1)=CN=C1NC2=CC=CC=C2,BrC(C)(C)C(OC)=O,CC1=CC=C(C(C)C)C=C1.CC2=CC=C(C(C)C)C=C2.[Ru+2].[Cl-].[Cl-].[Ru+2].[Cl-].[Cl-],,COC(C)(C)C,,2,0,0,0.85,,10.1002/anie.201708961 ,,,
214,70,59,O=C(C)C1=CC=CC=C1,BrC(F)(F)C(OCC)=O,CC1=CC=C(C(C)C)C=C1.CC2=CC=C(C(C)C)C=C2.[Ru+2].[Cl-].[Cl-].[Ru+2].[Cl-].[Cl-],,ClCCCl,CC1=C(C(O)=O)C(C)=CC(C)=C1,2,0,0.142857143,0.17,,10.1002/anie.201711221 ,,,
215,71,59,CC(C1=CC=CC=C1)=NC2=CC=C(OC)C=C2,BrC(F)(F)C(OCC)=O,CC1=CC=C(C(C)C)C=C1.CC2=CC=C(C(C)C)C=C2.[Ru+2].[Cl-].[Cl-].[Ru+2].[Cl-].[Cl-],,ClCCCl,CC1=C(C(O)=O)C(C)=CC(C)=C1,2,0,0.416666667,0.28,,10.1002/anie.201711221 ,,,
216,72,59,CC(C1=CC=CC=C1)=NOC,BrC(F)(F)C(OCC)=O,CC1=CC=C(C(C)C)C=C1.CC2=CC=C(C(C)C)C=C2.[Ru+2].[Cl-].[Cl-].[Ru+2].[Cl-].[Cl-],,ClCCCl,CC1=C(C(O)=O)C(C)=CC(C)=C1,2,0,0,0.37,,10.1002/anie.201711221 ,,,
217,73,59,CC(C1=CC=CC=C1)=NOC(C)=O,BrC(F)(F)C(OCC)=O,CC1=CC=C(C(C)C)C=C1.CC2=CC=C(C(C)C)C=C2.[Ru+2].[Cl-].[Cl-].[Ru+2].[Cl-].[Cl-],,ClCCCl,CC1=C(C(O)=O)C(C)=CC(C)=C1,2,0,0,0.21,,10.1002/anie.201711221 ,,,
218,74,59,CC(C1=CC=CC=C1)=NOC(C(C)(C)C)=O,BrC(F)(F)C(OCC)=O,CC1=CC=C(C(C)C)C=C1.CC2=CC=C(C(C)C)C=C2.[Ru+2].[Cl-].[Cl-].[Ru+2].[Cl-].[Cl-],,ClCCCl,CC1=C(C(O)=O)C(C)=CC(C)=C1,2,0,0,0.15,,10.1002/anie.201711221 ,,,
219,75,59,ClC1=CC=CC(C2=CC=CC=C2)=N1,BrC(F)(F)C(OCC)=O,CC1=CC=C(C(C)C)C=C1.CC2=CC=C(C(C)C)C=C2.[Ru+2].[Cl-].[Cl-].[Ru+2].[Cl-].[Cl-],,ClCCCl,CC1=C(C(O)=O)C(C)=CC(C)=C1,2,0,0.295774648,0.16,,10.1002/anie.201711221 ,,,
220,1,59,C1(C2=CC=CC=C2)=NC=CC=C1,BrC(F)(F)C(OCC)=O,CC1=CC=C(C(C)C)C=C1.CC2=CC=C(C(C)C)C=C2.[Ru+2].[Cl-].[Cl-].[Ru+2].[Cl-].[Cl-],,ClCCCl,CC1=C(C(O)=O)C(C)=CC(C)=C1,2,0,0,0.76,,10.1002/anie.201711221 ,,,
221,76,59,O=C(C(C)(C)C)NC1=CC=CC=C1,FC(Br)(F)C(OCC)=O,CC1=CC=C(C(C)C)C=C1.CC2=CC=C(C(C)C)C=C2.[Ru+2].[Cl-].[Cl-].[Ru+2].[Cl-].[Cl-],,ClCCCl,OC12C[C@H]3C[C@H](C[C@H](C3)C2)C1,2,0,0,0.84,,10.1038/s41467-018-03341-6,,,
222,77,59,O=C(C(C)(C)C)N(CC)C1=CC=CC=C1,FC(Br)(F)C(OCC)=O,CC1=CC=C(C(C)C)C=C1.CC2=CC=C(C(C)C)C=C2.[Ru+2].[Cl-].[Cl-].[Ru+2].[Cl-].[Cl-],,ClCCCl,OC12C[C@H]3C[C@H](C[C@H](C3)C2)C1,2,0,0,0.67,,10.1038/s41467-018-03341-6,,,
223,78,59,O=C(C1=CC=CC=C1)NC2=CC=CC=C2,FC(Br)(F)C(OCC)=O,CC1=CC=C(C(C)C)C=C1.CC2=CC=C(C(C)C)C=C2.[Ru+2].[Cl-].[Cl-].[Ru+2].[Cl-].[Cl-],,ClCCCl,OC12C[C@H]3C[C@H](C[C@H](C3)C2)C1,2,0,0,0.31,,10.1038/s41467-018-03341-6,,,
224,79,59,O=C(C1=CC=CC=C1)N2C3=CC=CC=C3CC2,FC(Br)(F)C(OCC)=O,CC1=CC=C(C(C)C)C=C1.CC2=CC=C(C(C)C)C=C2.[Ru+2].[Cl-].[Cl-].[Ru+2].[Cl-].[Cl-],,ClCCCl,OC12C[C@H]3C[C@H](C[C@H](C3)C2)C1,2,0,0,0.82,,10.1038/s41467-018-03341-6,,,
225,1,59,C1(C2=CC=CC=C2)=NC=CC=C1,FC(Br)(F)C(OCC)=O,CC1=CC=C(C(C)C)C=C1.CC2=CC=C(C(C)C)C=C2.[Ru+2].[Cl-].[Cl-].[Ru+2].[Cl-].[Cl-],,ClCCCl,OC12C[C@H]3C[C@H](C[C@H](C3)C2)C1,1,1,1,0.76,,10.1038/s41467-018-03341-6,,,
226,80,59,CC1=NN(C2=CC=CC=C2)C(OC)=C1,FC(Br)(F)C(OCC)=O,CC1=CC=C(C(C)C)C=C1.CC2=CC=C(C(C)C)C=C2.[Ru+2].[Cl-].[Cl-].[Ru+2].[Cl-].[Cl-],,ClCCCl,OC12C[C@H]3C[C@H](C[C@H](C3)C2)C1,2,0,0.358974359,0.68,,10.1038/s41467-018-03341-6,,,
227,81,59,ClC1=CC(C)=NN1C2=CC=CC=C2,FC(Br)(F)C(OCC)=O,CC1=CC=C(C(C)C)C=C1.CC2=CC=C(C(C)C)C=C2.[Ru+2].[Cl-].[Cl-].[Ru+2].[Cl-].[Cl-],,ClCCCl,OC12C[C@H]3C[C@H](C[C@H](C3)C2)C1,1,0,0.6996997,0.43,,10.1038/s41467-018-03341-6,,,
228,82,59,CN(C)C1=CC=CC=C1,FC(Br)(F)C(OCC)=O,CC1=CC=C(C(C)C)C=C1.CC2=CC=C(C(C)C)C=C2.[Ru+2].[Cl-].[Cl-].[Ru+2].[Cl-].[Cl-],,ClCCCl,OC12C[C@H]3C[C@H](C[C@H](C3)C2)C1,0,0,,0.54,,10.1038/s41467-018-03341-6,,,
229,83,60,CC1=CC=CC=C1C2=NCCO2,ClCC1=CC=C(Cl)C=C1,CC1=CC=C(C(C)C)C=C1.CC2=CC=C(C(C)C)C=C2.[Ru+2].[Cl-].[Cl-].[Ru+2].[Cl-].[Cl-],,CC1=CC=CC=C1,O=C(O)C12C[C@H]3C[C@H](C[C@H](C3)C2)C1,4,0,,0.82,,10.1021/ol902115f,,,
230,84,22,FC1=CC=CC(N2C=CC=N2)=C1,ClCC1=CC=CC=C1,CC1=CC=C(C(C)C)C=C1.CC2=CC=C(C(C)C)C=C2.[Ru+2].[Cl-].[Cl-].[Ru+2].[Cl-].[Cl-],,CC1=CC=CC=C1,O=C(O)C12C[C@H]3C[C@H](C[C@H](C3)C2)C1,0,0,,0.82,,10.1021/ol902115f,,,
231,1,61,C1(C2=CC=CC=C2)=NC=CC=C1,CCCC[N+](CCCC)(CCCC)CCCC.BrBr.[Br-],CC1=CC=C(C(C)C)C=C1.CC2=CC=C(C(C)C)C=C2.[Ru+2].[Cl-].[Cl-].[Ru+2].[Cl-].[Cl-],,C1COCCO1,CC1=C(C(O)=O)C(C)=CC(C)=C1,1,1,,0.76,,10.1002/anie.201504390,,,
232,85,59,C1(C2=NC(C=CC=C3)=C3N2CC4=CC=CC=C4)=CC=CC=C1,BrC(F)(F)C(OCC)=O,CC1=CC=C(C(C)C)C=C1.CC2=CC=C(C(C)C)C=C2.[Ru+2].[Cl-].[Cl-].[Ru+2].[Cl-].[Cl-],,ClCCCl,OC12C[C@H]3C[C@@H](C2)C[C@@H](C1)C3,1,1,,0.74,,10.1039/c7qo00449d,,,
233,86,62,CC(C=N1)=CN=C1NC2=CC=CC=C2,Br[C@@](C)(C#N)C(OCC)=O,CC1=CC=C(C(C)C)C=C1.CC2=CC=C(C(C)C)C=C2.[Ru+2].[Cl-].[Cl-].[Ru+2].[Cl-].[Cl-],,CC(C)(C)OC,O=C(O)C1=C(C)C=C(C)C=C1C,2,0,,0.82,,10.1002/chem.202300905,,,
234,87,63,CC1=CC=CC=C1C(O)=O,IC1=CC=C(OC)C=C1,F[B-](F)(F)F.F[B-](F)(F)F.N#CC(C)(C)C.N#CC(C)(C)C.N#CC(C)(C)C.N#CC(C)(C)C.N#CC(C)(C)C.N#CC(C)(C)C.[Ru+2],,N#CC(C)(C)C,[K]OC(C(F)(F)F)(C(F)(F)F)C(F)(F)F,4,0,,0.98,,10.1002/chem.201605068,,,
235,1,64,C1(C2=CC=CC=C2)=NC=CC=C1,CC1=CC(C)=CC(Br)=C1,[Ru+]C1=CC=CC=C1CN(C)C.CC#N.CC#N.CC#N.CC#N.F[P-](F)(F)(F)(F)F,,O=C(OC)OC,CCCC[N+](CCCC)(CCCC)CCCC.CC([O-])=O,0,0,,0.97,,10.1039/d2gc03860a,,,
236,24,65,CC(C=CC=C1)=C1C2=NC=CC=C2,ClC1=CC=C(OC)C=C1,CC1=CC=C(C(C)C)C=C1.CC2=CC=C(C(C)C)C=C2.[Ru+2].[Cl-].[Cl-].[Ru+2].[Cl-].[Cl-],,C1COCCO1,O=C(O)C1=C(C)C=C(C)C=C1C,4,0,,0.87,,10.1021/ol102187e,,,
237,88,65,FC(C(C=CC=C1)=C1C2=NC=CC=C2)(F)F,ClC1=CC=C(OC)C=C1,CC1=CC=C(C(C)C)C=C1.CC2=CC=C(C(C)C)C=C2.[Ru+2].[Cl-].[Cl-].[Ru+2].[Cl-].[Cl-],,C1COCCO1,O=C(O)C1=C(C)C=C(C)C=C1C,4,0,,0.94,,10.1021/ol102187e,,,
238,89,65,COC(C=CC=C1)=C1C2=NC=CC=C2,ClC1=CC=C(OC)C=C1,CC1=CC=C(C(C)C)C=C1.CC2=CC=C(C(C)C)C=C2.[Ru+2].[Cl-].[Cl-].[Ru+2].[Cl-].[Cl-],,C1COCCO1,O=C(O)C1=C(C)C=C(C)C=C1C,4,0,,0.93,,10.1021/ol102187e,,,
239,90,19,C1(OC2=NC=CC=C2)=CC=CC=C1,CC(Br)CCC,CC1=CC=C(C(C)C)C=C1.CC2=CC=C(C(C)C)C=C2.[Ru+2].[Cl-].[Cl-].[Ru+2].[Cl-].[Cl-],,C1=CC=CC=C1,O=C(C12C[C@H]3C[C@H](C[C@H](C3)C2)C1)O,1,0,,0.64,,10.1021/acs.orglett.7b00885,,,
240,90,51,C1(OC2=NC=CC=C2)=CC=CC=C1,BrC(C)(C)C,CC1=CC=C(C(C)C)C=C1.CC2=CC=C(C(C)C)C=C2.[Ru+2].[Cl-].[Cl-].[Ru+2].[Cl-].[Cl-],,C1=CC=CC=C1,O=C(C12C[C@H]3C[C@H](C[C@H](C3)C2)C1)O,1,0,,0.56,,10.1021/acs.orglett.7b00885,,,
241,1,21,C1(C2=CC=CC=C2)=NC=CC=C1,ClCC1=CC=C(OC)C=C1,O=C(C)O[Ru]C1=CC=CC=C1C2=NC=CC=C2.P(C3=CC=CC=C3)(C4=CC=CC=C4)C5=CC=CC=C5.P(C6=CC=CC=C6)(C7=CC=CC=C7)C8=CC=CC=C8,,C1COCCO1,,1,,,0.54,cat,10.1021/acscatal.9b04592,,,
242,1,21,C1(C2=CC=CC=C2)=NC=CC=C1,ClCC1=CC=C(OC)C=C1,O=C(O[Ru]C1=CC=CC=C1C2=NC=CC=C2)C.N#CC.P(C3=CC=CC=C3)(C4=CC=CC=C4)C5=CC=CC=C5,,C1COCCO1,,1,,,0.59,cat,10.1021/acscatal.9b04592,,,
243,91,21,COC1=CC=C(CC2=C(C3=NC=CC=C3)C=CC=C2)C=C1,ClCC1=CC=C(OC)C=C1,F[P-](F)(F)(F)(F)F.N#CC.N#CC.N#CC.N#CC.[Ru+2]C1=CC=CC=C1C2=NC=CC=C2,,C1COCCO1,O=C(O[K])C,4,,,0.88,di-benzyl,10.1021/acscatal.9b04592,,,
244,1,66,C1(C2=CC=CC=C2)=NC=CC=C1,Cl[C@H]1O[C@H]([C@@H]2OC(C)(C)CO2)[C@H]3[C@@H]1OC(C)(C)O3,CC1=CC=C(C(C)C)C=C1.CC2=CC=C(C(C)C)C=C2.[Ru+2].[Cl-].[Cl-].[Ru+2].[Cl-].[Cl-],,C1COCCO1,O=C(O[Ag])C,1,,,0.45,solvent,10.1002/anie.202205656,,,
245,1,66,C1(C2=CC=CC=C2)=NC=CC=C1,Cl[C@H]1O[C@H]([C@@H]2OC(C)(C)CO2)[C@H]3[C@@H]1OC(C)(C)O3,CC1=CC=C(C(C)C)C=C1.CC2=CC=C(C(C)C)C=C2.[Ru+2].[Cl-].[Cl-].[Ru+2].[Cl-].[Cl-],,CC1=CC=CC=C1,O=C(O[Ag])C,0,,,0.26,solvent,10.1002/anie.202205656,,,
246,1,1,C1(C2=CC=CC=C2)=NC=CC=C1,CCOC(CBr)=O,CC1=CC=C(C(C)C)C=C1.CC2=CC=C(C(C)C)C=C2.[Ru+2].[Cl-].[Cl-].[Ru+2].[Cl-].[Cl-],,C1COCCO1,C12=C(C3=C(C=C2)C=CC=N3)N=CC=C1.C45=C(C6=C(C=C5)C=CC=N6)N=CC=C4.C78=C(C9=C(C=C8)C=CC=N9)N=CC=C7.[Ru+2].[Cl-].[Cl-],0,,,,add+light,10.1039/c7ob01192j,,,
247,1,1,C1(C2=CC=CC=C2)=NC=CC=C1,CCOC(CBr)=O,CC1=CC=C(C(C)C)C=C1.CC2=CC=C(C(C)C)C=C2.[Ru+2].[Cl-].[Cl-].[Ru+2].[Cl-].[Cl-],,C1COCCO1,P(C1=CC=CC=C1)(C2=CC=CC=C2)C3=CC=CC=C3.P(C4=CC=CC=C4)(C5=CC=CC=C5)C6=CC=CC=C6.P(C7=CC=CC=C7)(C8=CC=CC=C8)C9=CC=CC=C9.P(C%10=CC=CC=C%10)(C%11=CC=CC=C%11)C%12=CC=CC=C%12.[Pd],1,,,,add,10.1039/c7ob01192j,,,
248,1,21,C1(C2=CC=CC=C2)=NC=CC=C1,ClCC1=CC=C(C=C1)OC,CC1=CC=C(C(C)C)C=C1.CC2=CC=C(C(C)C)C=C2.[Ru+2].[Cl-].[Cl-].[Ru+2].[Cl-].[Cl-],,CC1=CC=CC=C1,O=C(C12C[C@H]3C[C@H](C[C@H](C3)C2)C1)O,0,,,0.69,,10.1002/anie.202302021,,,
249,91,21,COC1=CC=C(CC2=C(C3=NC=CC=C3)C=CC=C2)C=C1,ClCC1=CC=C(C=C1)OC,CC1=CC=C(C(C)C)C=C1.CC2=CC=C(C(C)C)C=C2.[Ru+2].[Cl-].[Cl-].[Ru+2].[Cl-].[Cl-],,CC1=CC=CC=C1,O=C(C12C[C@H]3C[C@H](C[C@H](C3)C2)C1)O,4,,,0.36,di-benzyl,10.1002/anie.202302021,,,
250,1,67,C1(C2=CC=CC=C2)=NC=CC=C1,ClCC1=CC=C(C=C1)C(F)(F)F,CC1=CC=C(C(C)C)C=C1.CC2=CC=C(C(C)C)C=C2.[Ru+2].[Cl-].[Cl-].[Ru+2].[Cl-].[Cl-],,CC1=CC=CC=C1,O=C(C12C[C@H]3C[C@H](C[C@H](C3)C2)C1)O,0,,,0.44,,10.1002/anie.202302021,,,
251,92,67,FC(C1=CC=C(CC2=C(C3=NC=CC=C3)C=CC=C2)C=C1)(F)F,ClCC1=CC=C(C=C1)C(F)(F)F,CC1=CC=C(C(C)C)C=C1.CC2=CC=C(C(C)C)C=C2.[Ru+2].[Cl-].[Cl-].[Ru+2].[Cl-].[Cl-],,CC1=CC=CC=C1,O=C(C12C[C@H]3C[C@H](C[C@H](C3)C2)C1)O,4,,,0.41,di-benzyl,10.1002/anie.202302021,,,
252,84,65,FC1=CC=CC(N2C=CC=N2)=C1,ClC1=CC=C(OC)C=C1,CC1=CC=C(C(C)C)C=C1.CC2=CC=C(C(C)C)C=C2.[Ru+2].[Cl-].[Cl-].[Ru+2].[Cl-].[Cl-],,C1COCCO1,O=C(O)C1=C(C)C=C(C)C=C1C,0,,,0.75,,10.1021/ol102187e,,,
253,93,65,FC1=CC=CC(N2C=CC=N2)=C1C3=CC=C(OC)C=C3,ClC1=CC=C(OC)C=C1,CC1=CC=C(C(C)C)C=C1.CC2=CC=C(C(C)C)C=C2.[Ru+2].[Cl-].[Cl-].[Ru+2].[Cl-].[Cl-],,C1COCCO1,O=C(O)C1=C(C)C=C(C)C=C1C,4,,,0.32,di-aryl,10.1021/ol102187e,,,
254,94,65,FC1=CC(C2=NCCO2)=CC=C1,ClC1=CC=C(OC)C=C1,CC1=CC=C(C(C)C)C=C1.CC2=CC=C(C(C)C)C=C2.[Ru+2].[Cl-].[Cl-].[Ru+2].[Cl-].[Cl-],,C1COCCO1,O=C(O)C1=C(C)C=C(C)C=C1C,0,,,0.79,,10.1021/ol102187e,,,
255,95,65,FC1=C(C2=CC=C(OC)C=C2)C(C3=NCCO3)=CC=C1,ClCC1=CC=C(C=C1)OC,CC1=CC=C(C(C)C)C=C1.CC2=CC=C(C(C)C)C=C2.[Ru+2].[Cl-].[Cl-].[Ru+2].[Cl-].[Cl-],,C1COCCO1,O=C(O)C1=C(C)C=C(C)C=C1C,4,,,0.41,di-aryl,10.1021/ol102187e,,,
