rxn_id,source_id,rxn_type,temperature_degC,time_h,atmosphere,scale_mol,concentration_moll,stmat_1_smiles,stmat_1_eq,reagent_1_smiles,reagent_1_eq,reagent_2_smiles,reagent_2_eq,reagent_3_smiles,reagent_3_eq,reagent_4_smiles,reagent_4_eq,catalyst_1_smiles,catalyst_1_eq,catalyst_2_smiles,catalyst_2_eq,ligand_1_smiles,ligand_1_eq,ligand_2_smiles,ligand_2_eq,additive_1_smiles,additive_1_eq,solvent_1_smiles,solvent_1_fraction,solvent_2_smiles,solvent_2_fraction,product_1_smiles,product_1_yield,product_1_yieldtype,product_2_smiles,product_2_yield,product_2_yieldtype
0,10.1039/c7ob01192j,,,,,,,C1(C2=CC=CC=C2)=NC=CC=C1,,,CCOC(CBr)=O,,,,,,,CC1=CC=C(C(C)C)C=C1.CC2=CC=C(C(C)C)C=C2.[Ru+2].[Cl-].[Cl-].[Ru+2].[Cl-].[Cl-],,,,P(C1=CC=CC=C1)(C2=CC=CC=C2)C3=CC=CC=C3,,,,O=C(O)C1=C(C)C=C(C)C=C1C,,C1COCCO1,,,,CC(O1)(C)C(C)(C)OB1C2=CC(C3=NC=CC=C3)=CC=C2,0.57,,,,
1,10.1039/c7ob01192j,,,,,,,C1(C2=CC=CC=C2)=NC=CC=C1,,,CCOC(CBr)=O,,,,,,,CC1=CC=C(C(C)C)C=C1.CC2=CC=C(C(C)C)C=C2.[Ru+2].[Cl-].[Cl-].[Ru+2].[Cl-].[Cl-],,,,FC(C=C1)=CC=C1P(C2=CC=C(F)C=C2)C3=CC=C(F)C=C3,,,,O=C(O)C1=C(C)C=C(C)C=C1C,,C1COCCO1,,,,CC(O1)(C)C(C)(C)OB1C2=CC(C3=NC=CC=C3)=CC=C2,0.38,,,,
2,10.1039/c7ob01192j,,,,,,,C1(C2=CC=CC=C2)=NC=CC=C1,,,CCOC(CBr)=O,,,,,,,CC1=CC=C(C(C)C)C=C1.CC2=CC=C(C(C)C)C=C2.[Ru+2].[Cl-].[Cl-].[Ru+2].[Cl-].[Cl-],,,,,,,,,,C1COCCO1,,,,CC(O1)(C)C(C)(C)OB1C2=CC(C3=NC=CC=C3)=CC=C2,0.21,,,,
3,10.1039/c7ob01192j,,,,,,,C1(C2=CC=CC=C2)=NC=CC=C1,,,CCOC(CBr)=O,,,,,,,CC1=CC=C(C(C)C)C=C1.CC2=CC=C(C(C)C)C=C2.[Ru+2].[Cl-].[Cl-].[Ru+2].[Cl-].[Cl-],,,,,,,,O=C(O)C1=C(C)C=C(C)C=C1C,,C1COCCO1,,,,CC(O1)(C)C(C)(C)OB1C2=CC(C3=NC=CC=C3)=CC=C2,0.26,,,,
4,10.1039/c7ob01192j,,,,,,,C1(C2=CC=CC=C2)=NC=CC=C1,,,CCOC(CBr)=O,,,,,,,CC1=CC=C(C(C)C)C=C1.CC2=CC=C(C(C)C)C=C2.[Ru+2].[Cl-].[Cl-].[Ru+2].[Cl-].[Cl-],,,,,,,,CC(O[K])=O,,C1COCCO1,,,,CC(O1)(C)C(C)(C)OB1C2=CC(C3=NC=CC=C3)=CC=C2,0.24,,,,
5,10.1039/c7ob01192j,,,,,,,C1(C2=CC=CC=C2)=NC=CC=C1,,,CCOC(CBr)=O,,,,,,,CC1=CC=C(C(C)C)C=C1.CC2=CC=C(C(C)C)C=C2.[Ru+2].[Cl-].[Cl-].[Ru+2].[Cl-].[Cl-],,,,,,,,O=C(O)C12C[C@H]3C[C@H](C[C@H](C3)C2)C1,,C1COCCO1,,,,CC(O1)(C)C(C)(C)OB1C2=CC(C3=NC=CC=C3)=CC=C2,0.15,,,,
6,10.1039/c7ob01192j,,,,,,,COC1=CC(C2=CC=CC=C2)=NC=C1,,,CCOC(CBr)=O,,,,,,,CC1=CC=C(C(C)C)C=C1.CC2=CC=C(C(C)C)C=C2.[Ru+2].[Cl-].[Cl-].[Ru+2].[Cl-].[Cl-],,,,P(C1=CC=CC=C1)(C2=CC=CC=C2)C3=CC=CC=C3,,,,O=C(O)C1=C(C)C=C(C)C=C1C,,C1COCCO1,,,,CC(O1)(C)C(C)(C)OB1C2=CC(C3=NC=CC(OC)=C3)=CC=C2,0.36,,,,
7,10.1039/c7ob01192j,,,,,,,CC1=CC(C2=CC=CC=C2)=NC=C1,,,CCOC(CBr)=O,,,,,,,CC1=CC=C(C(C)C)C=C1.CC2=CC=C(C(C)C)C=C2.[Ru+2].[Cl-].[Cl-].[Ru+2].[Cl-].[Cl-],,,,P(C1=CC=CC=C1)(C2=CC=CC=C2)C3=CC=CC=C3,,,,O=C(O)C1=C(C)C=C(C)C=C1C,,C1COCCO1,,,,CC(O1)(C)C(C)(C)OB1C2=CC(C3=NC=CC(C)=C3)=CC=C2,0.67,,,,
8,10.1039/c7ob01192j,,,,,,,FC1=CC(C2=CC=CC=C2)=NC=C1,,,CCOC(CBr)=O,,,,,,,CC1=CC=C(C(C)C)C=C1.CC2=CC=C(C(C)C)C=C2.[Ru+2].[Cl-].[Cl-].[Ru+2].[Cl-].[Cl-],,,,P(C1=CC=CC=C1)(C2=CC=CC=C2)C3=CC=CC=C3,,,,O=C(O)C1=C(C)C=C(C)C=C1C,,C1COCCO1,,,,CC(O1)(C)C(C)(C)OB1C2=CC(C3=NC=CC(F)=C3)=CC=C2,0.48,,,,
9,10.1039/c7ob01192j,,,,,,,ClC1=CC(C2=CC=CC=C2)=NC=C1,,,CCOC(CBr)=O,,,,,,,CC1=CC=C(C(C)C)C=C1.CC2=CC=C(C(C)C)C=C2.[Ru+2].[Cl-].[Cl-].[Ru+2].[Cl-].[Cl-],,,,P(C1=CC=CC=C1)(C2=CC=CC=C2)C3=CC=CC=C3,,,,O=C(O)C1=C(C)C=C(C)C=C1C,,C1COCCO1,,,,CC(O1)(C)C(C)(C)OB1C2=CC(C3=NC=CC(Cl)=C3)=CC=C2,0.45,,,,
10,10.1039/c7ob01192j,,,,,,,O=C(C1=CC(C2=CC=CC=C2)=NC=C1)OC,,,CCOC(CBr)=O,,,,,,,CC1=CC=C(C(C)C)C=C1.CC2=CC=C(C(C)C)C=C2.[Ru+2].[Cl-].[Cl-].[Ru+2].[Cl-].[Cl-],,,,P(C1=CC=CC=C1)(C2=CC=CC=C2)C3=CC=CC=C3,,,,O=C(O)C1=C(C)C=C(C)C=C1C,,C1COCCO1,,,,O=C(OC)C1=CC(C2=CC=CC(B3OC(C)(C)C(C)(C)O3)=C2)=NC=C1,0.31,,,,
11,10.1039/c7ob01192j,,,,,,,N1(C2=CC=CC=C2)C=CC=N1,,,CCOC(CBr)=O,,,,,,,CC1=CC=C(C(C)C)C=C1.CC2=CC=C(C(C)C)C=C2.[Ru+2].[Cl-].[Cl-].[Ru+2].[Cl-].[Cl-],,,,P(C1=CC=CC=C1)(C2=CC=CC=C2)C3=CC=CC=C3,,,,O=C(O)C1=C(C)C=C(C)C=C1C,,C1COCCO1,,,,CC1(C)C(C)(C)OB(C2=CC(N3C=CC=N3)=CC=C2)O1,0.52,,,,
12,10.1039/c7ob01192j,,,,,,,CC1=CN=C(C2=CC=CC=C2)C=C1,,,CCOC(CBr)=O,,,,,,,CC1=CC=C(C(C)C)C=C1.CC2=CC=C(C(C)C)C=C2.[Ru+2].[Cl-].[Cl-].[Ru+2].[Cl-].[Cl-],,,,P(C1=CC=CC=C1)(C2=CC=CC=C2)C3=CC=CC=C3,,,,O=C(O)C1=C(C)C=C(C)C=C1C,,C1COCCO1,,,,CC(O1)(C)C(C)(C)OB1C2=CC(C3=NC=C(C)C=C3)=CC=C2,0.62,,,,
13,10.1039/c7ob01192j,,,,,,,FC1=CN=C(C2=CC=CC=C2)C=C1,,,CCOC(CBr)=O,,,,,,,CC1=CC=C(C(C)C)C=C1.CC2=CC=C(C(C)C)C=C2.[Ru+2].[Cl-].[Cl-].[Ru+2].[Cl-].[Cl-],,,,P(C1=CC=CC=C1)(C2=CC=CC=C2)C3=CC=CC=C3,,,,O=C(O)C1=C(C)C=C(C)C=C1C,,C1COCCO1,,,,CC(O1)(C)C(C)(C)OB1C2=CC(C3=NC=C(F)C=C3)=CC=C2,0.6,,,,
14,10.1039/c7ob01192j,,,,,,,C1(C2=CC=CC=C2)=NC=CC=N1,,,CCOC(CBr)=O,,,,,,,CC1=CC=C(C(C)C)C=C1.CC2=CC=C(C(C)C)C=C2.[Ru+2].[Cl-].[Cl-].[Ru+2].[Cl-].[Cl-],,,,P(C1=CC=CC=C1)(C2=CC=CC=C2)C3=CC=CC=C3,,,,O=C(O)C1=C(C)C=C(C)C=C1C,,C1COCCO1,,,,CC1(C)C(C)(C)OB(C2=CC(C3=NC=CC=N3)=CC=C2)O1,0.76,,,,
15,10.1039/c7ob01192j,,,,,,,CC1=CC=NC(C2=CC=CC=C2)=N1,,,CCOC(CBr)=O,,,,,,,CC1=CC=C(C(C)C)C=C1.CC2=CC=C(C(C)C)C=C2.[Ru+2].[Cl-].[Cl-].[Ru+2].[Cl-].[Cl-],,,,P(C1=CC=CC=C1)(C2=CC=CC=C2)C3=CC=CC=C3,,,,O=C(O)C1=C(C)C=C(C)C=C1C,,C1COCCO1,,,,CC1(C)C(C)(C)OB(C2=CC(C3=NC=CC(C)=N3)=CC=C2)O1,0.83,,,,
16,10.1039/c7ob01192j,,,,,,,CCC1=CN=C(C2=CC=CC=C2)N=C1,,,CCOC(CBr)=O,,,,,,,CC1=CC=C(C(C)C)C=C1.CC2=CC=C(C(C)C)C=C2.[Ru+2].[Cl-].[Cl-].[Ru+2].[Cl-].[Cl-],,,,P(C1=CC=CC=C1)(C2=CC=CC=C2)C3=CC=CC=C3,,,,O=C(O)C1=C(C)C=C(C)C=C1C,,C1COCCO1,,,,CCC1=CN=C(N=C1)C2=CC=C(B3OC(C)(C)C(C)(C)O3)C=C2,0.56,,,,
17,10.1039/c7ob01192j,,,,,,,COC(C=C1)=CC=C1C2=NC=CC=C2,,,CCOC(CBr)=O,,,,,,,CC1=CC=C(C(C)C)C=C1.CC2=CC=C(C(C)C)C=C2.[Ru+2].[Cl-].[Cl-].[Ru+2].[Cl-].[Cl-],,,,P(C1=CC=CC=C1)(C2=CC=CC=C2)C3=CC=CC=C3,,,,O=C(O)C1=C(C)C=C(C)C=C1C,,C1COCCO1,,,,COC1=CC=C(C2=NC=CC=C2)C=C1B3OC(C)(C)C(C)(C)O3,0.6,,,,
18,10.1039/c7ob01192j,,,,,,,CC1=CC(C2=CC=C(OC)C=C2)=NC=C1,,,CCOC(CBr)=O,,,,,,,CC1=CC=C(C(C)C)C=C1.CC2=CC=C(C(C)C)C=C2.[Ru+2].[Cl-].[Cl-].[Ru+2].[Cl-].[Cl-],,,,P(C1=CC=CC=C1)(C2=CC=CC=C2)C3=CC=CC=C3,,,,O=C(O)C1=C(C)C=C(C)C=C1C,,C1COCCO1,,,,COC1=CC=C(C2=NC=CC(C)=C2)C=C1B3OC(C)(C)C(C)(C)O3,0.49,,,,
19,10.1039/c7ob01192j,,,,,,,COC(C=C1)=CC=C1C2=NC=CC=N2,,,CCOC(CBr)=O,,,,,,,CC1=CC=C(C(C)C)C=C1.CC2=CC=C(C(C)C)C=C2.[Ru+2].[Cl-].[Cl-].[Ru+2].[Cl-].[Cl-],,,,P(C1=CC=CC=C1)(C2=CC=CC=C2)C3=CC=CC=C3,,,,O=C(O)C1=C(C)C=C(C)C=C1C,,C1COCCO1,,,,COC1=CC=C(C2=NC=CC=N2)C=C1B3OC(C)(C)C(C)(C)O3,0.55,,,,
20,10.1039/c7ob01192j,,,,,,,CC(C=C1)=CC=C1C2=NC=CC=C2,,,CCOC(CBr)=O,,,,,,,CC1=CC=C(C(C)C)C=C1.CC2=CC=C(C(C)C)C=C2.[Ru+2].[Cl-].[Cl-].[Ru+2].[Cl-].[Cl-],,,,P(C1=CC=CC=C1)(C2=CC=CC=C2)C3=CC=CC=C3,,,,O=C(O)C1=C(C)C=C(C)C=C1C,,C1COCCO1,,,,CC1=CC=C(C2=NC=CC=C2)C=C1B3OC(C)(C)C(C)(C)O3,0.31,,,,
21,10.1039/c7ob01192j,,,,,,,FC(C=C1)=CC=C1C2=NC=CC=C2,,,CCOC(CBr)=O,,,,,,,CC1=CC=C(C(C)C)C=C1.CC2=CC=C(C(C)C)C=C2.[Ru+2].[Cl-].[Cl-].[Ru+2].[Cl-].[Cl-],,,,P(C1=CC=CC=C1)(C2=CC=CC=C2)C3=CC=CC=C3,,,,O=C(O)C1=C(C)C=C(C)C=C1C,,C1COCCO1,,,,FC1=CC=C(C2=NC=CC=C2)C=C1B3OC(C)(C)C(C)(C)O3,0.58,,,,
22,10.1039/c7ob01192j,,,,,,,FC(C=C1)=CC=C1C2=NC=CC(C)=C2,,,CCOC(CBr)=O,,,,,,,CC1=CC=C(C(C)C)C=C1.CC2=CC=C(C(C)C)C=C2.[Ru+2].[Cl-].[Cl-].[Ru+2].[Cl-].[Cl-],,,,P(C1=CC=CC=C1)(C2=CC=CC=C2)C3=CC=CC=C3,,,,O=C(O)C1=C(C)C=C(C)C=C1C,,C1COCCO1,,,,FC1=CC=C(C2=NC=CC(C)=C2)C=C1B3OC(C)(C)C(C)(C)O3,0.66,,,,
23,10.1039/c7ob01192j,,,,,,,O=C(C(C=C1)=CC=C1C2=NC=CC=C2)OCC,,,CCOC(CBr)=O,,,,,,,CC1=CC=C(C(C)C)C=C1.CC2=CC=C(C(C)C)C=C2.[Ru+2].[Cl-].[Cl-].[Ru+2].[Cl-].[Cl-],,,,P(C1=CC=CC=C1)(C2=CC=CC=C2)C3=CC=CC=C3,,,,O=C(O)C1=C(C)C=C(C)C=C1C,,C1COCCO1,,,,O=C(OCC)C1=CC=C(C2=NC=CC=C2)C=C1B3OC(C)(C)C(C)(C)O3,0.58,,,,
24,10.1039/c7ob01192j,,,,,,,ClC(C=C1)=CC=C1C2=NC=CC=C2,,,CCOC(CBr)=O,,,,,,,CC1=CC=C(C(C)C)C=C1.CC2=CC=C(C(C)C)C=C2.[Ru+2].[Cl-].[Cl-].[Ru+2].[Cl-].[Cl-],,,,P(C1=CC=CC=C1)(C2=CC=CC=C2)C3=CC=CC=C3,,,,O=C(O)C1=C(C)C=C(C)C=C1C,,C1COCCO1,,,,ClC1=CC=C(C2=NC=CC=C2)C=C1B3OC(C)(C)C(C)(C)O3,0.55,,,,
25,10.1039/c7ob01192j,,,,,,,FC(C(C=C1)=CC=C1C2=NC=CC=C2)(F)F,,,CCOC(CBr)=O,,,,,,,CC1=CC=C(C(C)C)C=C1.CC2=CC=C(C(C)C)C=C2.[Ru+2].[Cl-].[Cl-].[Ru+2].[Cl-].[Cl-],,,,P(C1=CC=CC=C1)(C2=CC=CC=C2)C3=CC=CC=C3,,,,O=C(O)C1=C(C)C=C(C)C=C1C,,C1COCCO1,,,,CC1(C)C(C)(C)OB(C2=CC(C3=NC=CC=C3)=CC=C2C(F)(F)F)O1,0.55,,,,
26,10.1039/c7ob01192j,,,,,,,COC(C=C1)=CC=C1C2=NC=CC=C2,,,CC(C)(Br)C(OCC)=O,,,,,,,CC1=CC=C(C(C)C)C=C1.CC2=CC=C(C(C)C)C=C2.[Ru+2].[Cl-].[Cl-].[Ru+2].[Cl-].[Cl-],,,,P(C1=CC=CC=C1)(C2=CC=CC=C2)C3=CC=CC=C3,,,,O=C(O)C1=C(C)C=C(C)C=C1C,,C1COCCO1,,,,CC1(C)C(C)(C)OB(C2=CC(C3=NC=CC=C3)=CC=C2OC)O1,0.75,,,,
27,10.1039/c7ob01192j,,,,,,,COC(C=C1)=CC=C1C2=NC=CC=C2,,,CC(C)(Br)C(OCC)=O,,,,,,,CC1=CC=C(C(C)C)C=C1.CC2=CC=C(C(C)C)C=C2.[Ru+2].[Cl-].[Cl-].[Ru+2].[Cl-].[Cl-],,,,,,,,O=C(O)C1=C(C)C=C(C)C=C1C,,C1COCCO1,,,,CC1(C)C(C)(C)OB(C2=CC(C3=NC=CC=C3)=CC=C2OC)O1,0.8,,,,
28,10.1039/c7ob01192j,,,,,,,C1(C2=CC=CC=C2)=NC=CC=C1,,,CC(C)(Br)C(OCC)=O,,,,,,,CC1=CC=C(C(C)C)C=C1.CC2=CC=C(C(C)C)C=C2.[Ru+2].[Cl-].[Cl-].[Ru+2].[Cl-].[Cl-],,,,P(C1=CC=CC=C1)(C2=CC=CC=C2)C3=CC=CC=C3,,,,O=C(O)C1=C(C)C=C(C)C=C1C,,C1COCCO1,,,,CC(O1)(C)C(C)(C)OB1C2=CC(C3=NC=CC=C3)=CC=C2,0.69,,,,
29,10.1039/c7ob01192j,,,,,,,C1(C2=CC=CC=C2)=NC=CC=C1,,,CC(C)(Br)C(OCC)=O,,,,,,,CC1=CC=C(C(C)C)C=C1.CC2=CC=C(C(C)C)C=C2.[Ru+2].[Cl-].[Cl-].[Ru+2].[Cl-].[Cl-],,,,,,,,O=C(O)C1=C(C)C=C(C)C=C1C,,C1COCCO1,,,,CC(O1)(C)C(C)(C)OB1C2=CC(C3=NC=CC=C3)=CC=C2,0.71,,,,
30,10.1039/c7ob01192j,,,,,,,O=C(C(C=C1)=CC=C1C2=NC=CC=C2)OCC,,,CC(C)(Br)C(OCC)=O,,,,,,,CC1=CC=C(C(C)C)C=C1.CC2=CC=C(C(C)C)C=C2.[Ru+2].[Cl-].[Cl-].[Ru+2].[Cl-].[Cl-],,,,P(C1=CC=CC=C1)(C2=CC=CC=C2)C3=CC=CC=C3,,,,O=C(O)C1=C(C)C=C(C)C=C1C,,C1COCCO1,,,,O=C(OCC)C1=CC=C(C2=NC=CC=C2)C=C1B3OC(C)(C)C(C)(C)O3,0.25,,,,
31,10.1039/c7ob01192j,,,,,,,O=C(C(C=C1)=CC=C1C2=NC=CC=C2)OCC,,,CC(C)(Br)C(OCC)=O,,,,,,,CC1=CC=C(C(C)C)C=C1.CC2=CC=C(C(C)C)C=C2.[Ru+2].[Cl-].[Cl-].[Ru+2].[Cl-].[Cl-],,,,,,,,O=C(O)C1=C(C)C=C(C)C=C1C,,C1COCCO1,,,,O=C(OCC)C1=CC=C(C2=NC=CC=C2)C=C1B3OC(C)(C)C(C)(C)O3,0.23,,,,
32,10.1039/c7ob01192j,,,,,,,CN(C1=CC(C2=CC=CC=C2)=NC=C1)C,,,CC(C)(Br)C(OCC)=O,,,,,,,CC1=CC=C(C(C)C)C=C1.CC2=CC=C(C(C)C)C=C2.[Ru+2].[Cl-].[Cl-].[Ru+2].[Cl-].[Cl-],,,,,,,,O=C(O)C1=C(C)C=C(C)C=C1C,,C1COCCO1,,,,CN(C)C1=CC(C2=CC=CC(B3OC(C)(C)C(C)(C)O3)=C2)=NC=C1,0.56,,,,
33,10.1039/c7ob01192j,,,,,,,CC1=CC(C2=CC=CC=C2)=NC=C1,,,CC(C)(Br)C(OCC)=O,,,,,,,CC1=CC=C(C(C)C)C=C1.CC2=CC=C(C(C)C)C=C2.[Ru+2].[Cl-].[Cl-].[Ru+2].[Cl-].[Cl-],,,,,,,,O=C(O)C1=C(C)C=C(C)C=C1C,,C1COCCO1,,,,CC(O1)(C)C(C)(C)OB1C2=CC(C3=NC=CC(C)=C3)=CC=C2,0.75,,,,
34,10.1039/c7ob01192j,,,,,,,O=C(C1=CC(C2=CC=CC=C2)=NC=C1)OC,,,CC(C)(Br)C(OCC)=O,,,,,,,CC1=CC=C(C(C)C)C=C1.CC2=CC=C(C(C)C)C=C2.[Ru+2].[Cl-].[Cl-].[Ru+2].[Cl-].[Cl-],,,,,,,,O=C(O)C1=C(C)C=C(C)C=C1C,,C1COCCO1,,,,O=C(OC)C1=CC(C2=CC=CC(B3OC(C)(C)C(C)(C)O3)=C2)=NC=C1,0.55,,,,
35,10.1039/c7ob01192j,,,,,,,FC(C1=CC(C2=CC=CC=C2)=NC=C1)(F)F,,,CC(C)(Br)C(OCC)=O,,,,,,,CC1=CC=C(C(C)C)C=C1.CC2=CC=C(C(C)C)C=C2.[Ru+2].[Cl-].[Cl-].[Ru+2].[Cl-].[Cl-],,,,,,,,O=C(O)C1=C(C)C=C(C)C=C1C,,C1COCCO1,,,,CC1(C)C(C)(C)OB(C2=CC(C3=NC=CC(C(F)(F)F)=C3)=CC=C2)O1,0.4,,,,
36,10.1039/c7ob01192j,,,,,,,CC1=CN=C(C2=CC=CC=C2)C=C1,,,CC(C)(Br)C(OCC)=O,,,,,,,CC1=CC=C(C(C)C)C=C1.CC2=CC=C(C(C)C)C=C2.[Ru+2].[Cl-].[Cl-].[Ru+2].[Cl-].[Cl-],,,,,,,,O=C(O)C1=C(C)C=C(C)C=C1C,,C1COCCO1,,,,CC(O1)(C)C(C)(C)OB1C2=CC(C3=NC=C(C)C=C3)=CC=C2,0.54,,,,
37,10.1039/c7ob01192j,,,,,,,C1(C2=CC=CC=C2)=NC=CC=N1,,,CC(C)(Br)C(OCC)=O,,,,,,,CC1=CC=C(C(C)C)C=C1.CC2=CC=C(C(C)C)C=C2.[Ru+2].[Cl-].[Cl-].[Ru+2].[Cl-].[Cl-],,,,P(C1=CC=CC=C1)(C2=CC=CC=C2)C3=CC=CC=C3,,,,O=C(O)C1=C(C)C=C(C)C=C1C,,C1COCCO1,,,,CC1(C)C(C)(C)OB(C2=CC(C3=NC=CC=N3)=CC=C2)O1,0.54,,,,
38,10.1039/c7ob01192j,,,,,,,C1(C2=CC=CC=C2)=NC=CC=N1,,,CC(C)(Br)C(OCC)=O,,,,,,,CC1=CC=C(C(C)C)C=C1.CC2=CC=C(C(C)C)C=C2.[Ru+2].[Cl-].[Cl-].[Ru+2].[Cl-].[Cl-],,,,,,,,O=C(O)C1=C(C)C=C(C)C=C1C,,C1COCCO1,,,,CC1(C)C(C)(C)OB(C2=CC(C3=NC=CC=N3)=CC=C2)O1,0.59,,,,
39,10.1039/c7ob01192j,,,,,,,N1(C2=CC=CC=C2)C=CC=N1,,,CC(Br)C(OCC)=O,,,,,,,CC1=CC=C(C(C)C)C=C1.CC2=CC=C(C(C)C)C=C2.[Ru+2].[Cl-].[Cl-].[Ru+2].[Cl-].[Cl-],,,,P(C1=CC=CC=C1)(C2=CC=CC=C2)C3=CC=CC=C3,,,,O=C(O)C1=C(C)C=C(C)C=C1C,,C1COCCO1,,,,CC1(C)C(C)(C)OB(C2=CC(N3C=CC=N3)=CC=C2)O1,0.64,,,,
40,10.1039/c7ob01192j,,,,,,,N1(C2=CC=CC=C2)C=CC=N1,,,CC(Br)C(OCC)=O,,,,,,,CC1=CC=C(C(C)C)C=C1.CC2=CC=C(C(C)C)C=C2.[Ru+2].[Cl-].[Cl-].[Ru+2].[Cl-].[Cl-],,,,,,,,O=C(O)C1=C(C)C=C(C)C=C1C,,C1COCCO1,,,,CC1(C)C(C)(C)OB(C2=CC(N3C=CC=N3)=CC=C2)O1,0.45,,,,
41,10.1039/c7ob01192j,,,,,,,COC(C=C1)=CC=C1C2=NC=CC=C2,,,CC(Br)C(OCC)=O,,,,,,,CC1=CC=C(C(C)C)C=C1.CC2=CC=C(C(C)C)C=C2.[Ru+2].[Cl-].[Cl-].[Ru+2].[Cl-].[Cl-],,,,P(C1=CC=CC=C1)(C2=CC=CC=C2)C3=CC=CC=C3,,,,O=C(O)C1=C(C)C=C(C)C=C1C,,C1COCCO1,,,,CC1(C)C(C)(C)OB(C2=CC(C3=NC=CC=C3)=CC=C2OC)O1,0.76,,,,
42,10.1039/c7ob01192j,,,,,,,COC(C=C1)=CC=C1C2=NC=CC=C2,,,CC(Br)C(OCC)=O,,,,,,,CC1=CC=C(C(C)C)C=C1.CC2=CC=C(C(C)C)C=C2.[Ru+2].[Cl-].[Cl-].[Ru+2].[Cl-].[Cl-],,,,,,,,O=C(O)C1=C(C)C=C(C)C=C1C,,C1COCCO1,,,,CC1(C)C(C)(C)OB(C2=CC(C3=NC=CC=C3)=CC=C2OC)O1,0.58,,,,
43,10.1039/c7ob01192j,,,,,,,C1(C2=CC=CC=C2)=NC=CC=C1,,,CC(Br)C(OCC)=O,,,,,,,CC1=CC=C(C(C)C)C=C1.CC2=CC=C(C(C)C)C=C2.[Ru+2].[Cl-].[Cl-].[Ru+2].[Cl-].[Cl-],,,,P(C1=CC=CC=C1)(C2=CC=CC=C2)C3=CC=CC=C3,,,,O=C(O)C1=C(C)C=C(C)C=C1C,,C1COCCO1,,,,CC(O1)(C)C(C)(C)OB1C2=CC(C3=NC=CC=C3)=CC=C2,0.69,,,,
44,10.1039/c7ob01192j,,,,,,,C1(C2=CC=CC=C2)=NC=CC=C1,,,CC(Br)C(OCC)=O,,,,,,,CC1=CC=C(C(C)C)C=C1.CC2=CC=C(C(C)C)C=C2.[Ru+2].[Cl-].[Cl-].[Ru+2].[Cl-].[Cl-],,,,,,,,O=C(O)C1=C(C)C=C(C)C=C1C,,C1COCCO1,,,,CC(O1)(C)C(C)(C)OB1C2=CC(C3=NC=CC=C3)=CC=C2,0.55,,,,
45,10.1039/c7ob01192j,,,,,,,O=C(C(C=C1)=CC=C1C2=NC=CC=C2)OCC,,,CC(Br)C(OCC)=O,,,,,,,CC1=CC=C(C(C)C)C=C1.CC2=CC=C(C(C)C)C=C2.[Ru+2].[Cl-].[Cl-].[Ru+2].[Cl-].[Cl-],,,,,,,,O=C(O)C1=C(C)C=C(C)C=C1C,,C1COCCO1,,,,O=C(OCC)C1=CC=C(C2=NC=CC=C2)C=C1B3OC(C)(C)C(C)(C)O3,0.3,,,,
46,10.1039/c7ob01192j,,,,,,,CC1=NC(C2=CC=CC=C2)=NC=C1,,,CC(Br)C(OCC)=O,,,,,,,CC1=CC=C(C(C)C)C=C1.CC2=CC=C(C(C)C)C=C2.[Ru+2].[Cl-].[Cl-].[Ru+2].[Cl-].[Cl-],,,,P(C1=CC=CC=C1)(C2=CC=CC=C2)C3=CC=CC=C3,,,,O=C(O)C1=C(C)C=C(C)C=C1C,,C1COCCO1,,,,CC1(C)C(C)(C)OB(C2=CC(C3=NC=CC(C)=N3)=CC=C2)O1,0.66,,,,
47,10.1039/c7ob01192j,,,,,,,CC1=NC(C2=CC=CC=C2)=NC=C1,,,CC(Br)C(OCC)=O,,,,,,,CC1=CC=C(C(C)C)C=C1.CC2=CC=C(C(C)C)C=C2.[Ru+2].[Cl-].[Cl-].[Ru+2].[Cl-].[Cl-],,,,,,,,O=C(O)C1=C(C)C=C(C)C=C1C,,C1COCCO1,,,,CC1(C)C(C)(C)OB(C2=CC(C3=NC=CC(C)=N3)=CC=C2)O1,0.37,,,,
48,10.1039/c7ob01192j,,,,,,,C1(C2=CC=CC=C2)=NC=CC=C1,,,CC(Br)C(OC(C)(C)C)=O,,,,,,,CC1=CC=C(C(C)C)C=C1.CC2=CC=C(C(C)C)C=C2.[Ru+2].[Cl-].[Cl-].[Ru+2].[Cl-].[Cl-],,,,,,,,O=C(O)C1=C(C)C=C(C)C=C1C,,C1COCCO1,,,,CC(O1)(C)C(C)(C)OB1C2=CC(C3=NC=CC=C3)=CC=C2,0.41,,,,
49,10.1039/c7ob01192j,,,,,,,C1(C2=CC=CC=C2)=NC=CC=C1,,,CC(Br)C(C1=CC=CC=C1)=O,,,,,,,CC1=CC=C(C(C)C)C=C1.CC2=CC=C(C(C)C)C=C2.[Ru+2].[Cl-].[Cl-].[Ru+2].[Cl-].[Cl-],,,,,,,,O=C(O)C1=C(C)C=C(C)C=C1C,,C1COCCO1,,,,CC(O1)(C)C(C)(C)OB1C2=CC(C3=NC=CC=C3)=CC=C2,0.41,,,,
50,10.1039/c7ob01192j,,,,,,,C1(C2=CC=CC=C2)=NC=CC=C1,,,BrC(C(OCC)=O)CC1=CC=CC=C1,,,,,,,CC1=CC=C(C(C)C)C=C1.CC2=CC=C(C(C)C)C=C2.[Ru+2].[Cl-].[Cl-].[Ru+2].[Cl-].[Cl-],,,,,,,,O=C(O)C1=C(C)C=C(C)C=C1C,,C1COCCO1,,,,CC(O1)(C)C(C)(C)OB1C2=CC(C3=NC=CC=C3)=CC=C2,0.45,,,,
51,10.1039/c7ob01192j,,,,,,,COC(C=C1)=CC=C1C2=NC=CC=C2,,,ClCC(OCC)=O,,,,,,,CC1=CC=C(C(C)C)C=C1.CC2=CC=C(C(C)C)C=C2.[Ru+2].[Cl-].[Cl-].[Ru+2].[Cl-].[Cl-],,,,P(C1=CC=CC=C1)(C2=CC=CC=C2)C3=CC=CC=C3,,,,O=C(O)C1=C(C)C=C(C)C=C1C,,C1COCCO1,,,,CC1(C)C(C)(C)OB(C2=CC(C3=NC=CC=C3)=CC=C2OC)O1,0.57,,,,
52,10.1039/c7ob01192j,,,,,,,C1(C2=CC=CC=C2)=NC=CC=C1,,,ClCC(OCC)=O,,,,,,,CC1=CC=C(C(C)C)C=C1.CC2=CC=C(C(C)C)C=C2.[Ru+2].[Cl-].[Cl-].[Ru+2].[Cl-].[Cl-],,,,P(C1=CC=CC=C1)(C2=CC=CC=C2)C3=CC=CC=C3,,,,O=C(O)C1=C(C)C=C(C)C=C1C,,C1COCCO1,,,,CC(O1)(C)C(C)(C)OB1C2=CC(C3=NC=CC=C3)=CC=C2,0.76,,,,
53,10.1039/c7ob01192j,,,,,,,O=C(C(C=C1)=CC=C1C2=NC=CC=C2)OCC,,,ClCC(OCC)=O,,,,,,,CC1=CC=C(C(C)C)C=C1.CC2=CC=C(C(C)C)C=C2.[Ru+2].[Cl-].[Cl-].[Ru+2].[Cl-].[Cl-],,,,P(C1=CC=CC=C1)(C2=CC=CC=C2)C3=CC=CC=C3,,,,O=C(O)C1=C(C)C=C(C)C=C1C,,C1COCCO1,,,,O=C(OCC)C1=CC=C(C2=NC=CC=C2)C=C1B3OC(C)(C)C(C)(C)O3,0.41,,,,
54,10.1039/c7ob01192j,,,,,,,COC(C=C1)=CC=C1C2=NC=CC=C2,,,ICC(OCC)=O,,,,,,,CC1=CC=C(C(C)C)C=C1.CC2=CC=C(C(C)C)C=C2.[Ru+2].[Cl-].[Cl-].[Ru+2].[Cl-].[Cl-],,,,P(C1=CC=CC=C1)(C2=CC=CC=C2)C3=CC=CC=C3,,,,O=C(O)C1=C(C)C=C(C)C=C1C,,C1COCCO1,,,,CC1(C)C(C)(C)OB(C2=CC(C3=NC=CC=C3)=CC=C2OC)O1,0.41,,,,
55,10.1039/c7ob01192j,,,,,,,C1(C2=CC=CC=C2)=NC=CC=C1,,,ICC(OCC)=O,,,,,,,CC1=CC=C(C(C)C)C=C1.CC2=CC=C(C(C)C)C=C2.[Ru+2].[Cl-].[Cl-].[Ru+2].[Cl-].[Cl-],,,,P(C1=CC=CC=C1)(C2=CC=CC=C2)C3=CC=CC=C3,,,,O=C(O)C1=C(C)C=C(C)C=C1C,,C1COCCO1,,,,CC(O1)(C)C(C)(C)OB1C2=CC(C3=NC=CC=C3)=CC=C2,0.3,,,,
56,10.1039/c7ob01192j,,,,,,,N1(C2=CC=CC=C2)C=CC=N1,,,ClCC(OCC)=O,,,,,,,CC1=CC=C(C(C)C)C=C1.CC2=CC=C(C(C)C)C=C2.[Ru+2].[Cl-].[Cl-].[Ru+2].[Cl-].[Cl-],,,,P(C1=CC=CC=C1)(C2=CC=CC=C2)C3=CC=CC=C3,,,,O=C(O)C1=C(C)C=C(C)C=C1C,,C1COCCO1,,,,CC1(C)C(C)(C)OB(C2=CC(N3C=CC=N3)=CC=C2)O1,0.65,,,,
57,10.1039/c7ob01192j,,,,,,,CC1=NC(C2=CC=CC=C2)=NC=C1,,,ClCC(OCC)=O,,,,,,,CC1=CC=C(C(C)C)C=C1.CC2=CC=C(C(C)C)C=C2.[Ru+2].[Cl-].[Cl-].[Ru+2].[Cl-].[Cl-],,,,P(C1=CC=CC=C1)(C2=CC=CC=C2)C3=CC=CC=C3,,,,O=C(O)C1=C(C)C=C(C)C=C1C,,C1COCCO1,,,,CC1(C)C(C)(C)OB(C2=CC(C3=NC=CC(C)=N3)=CC=C2)O1,0.52,,,,
58,10.1039/c7ob01192j,,,,,,,COC(C=C1)=CC=C1C2=NC=CC=C2,,,ClC(C)C(OCC)=O,,,,,,,CC1=CC=C(C(C)C)C=C1.CC2=CC=C(C(C)C)C=C2.[Ru+2].[Cl-].[Cl-].[Ru+2].[Cl-].[Cl-],,,,P(C1=CC=CC=C1)(C2=CC=CC=C2)C3=CC=CC=C3,,,,O=C(O)C1=C(C)C=C(C)C=C1C,,C1COCCO1,,,,CC1(C)C(C)(C)OB(C2=CC(C3=NC=CC=C3)=CC=C2OC)O1,0.97,,,,
59,10.1039/c7ob01192j,,,,,,,C1(C2=CC=CC=C2)=NC=CC=C1,,,ClC(C)C(OCC)=O,,,,,,,CC1=CC=C(C(C)C)C=C1.CC2=CC=C(C(C)C)C=C2.[Ru+2].[Cl-].[Cl-].[Ru+2].[Cl-].[Cl-],,,,P(C1=CC=CC=C1)(C2=CC=CC=C2)C3=CC=CC=C3,,,,O=C(O)C1=C(C)C=C(C)C=C1C,,C1COCCO1,,,,CC(O1)(C)C(C)(C)OB1C2=CC(C3=NC=CC=C3)=CC=C2,0.94,,,,
60,10.1039/c7ob01192j,,,,,,,O=C(C(C=C1)=CC=C1C2=NC=CC=C2)OCC,,,ClC(C)C(OCC)=O,,,,,,,CC1=CC=C(C(C)C)C=C1.CC2=CC=C(C(C)C)C=C2.[Ru+2].[Cl-].[Cl-].[Ru+2].[Cl-].[Cl-],,,,P(C1=CC=CC=C1)(C2=CC=CC=C2)C3=CC=CC=C3,,,,O=C(O)C1=C(C)C=C(C)C=C1C,,C1COCCO1,,,,O=C(OCC)C1=CC=C(C2=NC=CC=C2)C=C1B3OC(C)(C)C(C)(C)O3,0.96,,,,
61,10.1039/c7ob01192j,,,,,,,N1(C2=CC=CC=C2)C=CC=N1,,,ClC(C)C(OCC)=O,,,,,,,CC1=CC=C(C(C)C)C=C1.CC2=CC=C(C(C)C)C=C2.[Ru+2].[Cl-].[Cl-].[Ru+2].[Cl-].[Cl-],,,,P(C1=CC=CC=C1)(C2=CC=CC=C2)C3=CC=CC=C3,,,,O=C(O)C1=C(C)C=C(C)C=C1C,,C1COCCO1,,,,CC1(C)C(C)(C)OB(C2=CC(N3C=CC=N3)=CC=C2)O1,0.94,,,,
62,10.1039/c7ob01192j,,,,,,,CC1=NC(C2=CC=CC=C2)=NC=C1,,,ClC(C)C(OCC)=O,,,,,,,CC1=CC=C(C(C)C)C=C1.CC2=CC=C(C(C)C)C=C2.[Ru+2].[Cl-].[Cl-].[Ru+2].[Cl-].[Cl-],,,,P(C1=CC=CC=C1)(C2=CC=CC=C2)C3=CC=CC=C3,,,,O=C(O)C1=C(C)C=C(C)C=C1C,,C1COCCO1,,,,CC1(C)C(C)(C)OB(C2=CC=CC=C2N3C=CC=N3)O1,0.96,,,,
63,10.1002/anie.202007144 ,,,,,,,C1(C2=CC=CC=C2)=NC=CC=C1,,,BrC1CCCCC1,,,,,,,CC1=CC=C(C(C)C)C=C1.CC2=CC=C(C(C)C)C=C2.[Ru+2].[Cl-].[Cl-].[Ru+2].[Cl-].[Cl-],,,,,,,,O=C(O)C1=C(C)C=C(C)C=C1C,,CC1=CC=CC=C1C,,,,CC1(C)C(C)(C)OB(C2=CC=CC=C2N3C=CC=N3)O1,0.51,,,,
64,10.1002/anie.202007144 ,,,,,,,N1(C2=CC=CC=C2)C=CC=N1,,,BrC1CCCCC1,,,,,,,CC1=CC=C(C(C)C)C=C1.CC2=CC=C(C(C)C)C=C2.[Ru+2].[Cl-].[Cl-].[Ru+2].[Cl-].[Cl-],,,,,,,,O=C(O)C1=C(C)C=C(C)C=C1C,,CC1=CC=CC=C1C,,,,CC1(C)C(C)(C)OB(C2=CC=CC=C2N3C=CC=N3)O1,0.5,,,,
65,10.1002/anie.202007144 ,,,,,,,N1(C2=CC=CC=C2)C=CC=N1,,,BrC1CCCCC1,,,,,,,CC1=CC=C(C(C)C)C=C1.CC2=CC=C(C(C)C)C=C2.[Ru+2].[Cl-].[Cl-].[Ru+2].[Cl-].[Cl-],,,,,,,,O=C(O)C1=C(C)C=C(C)C=C1C,,CC(C)(C)C1=CC=CC=C1,,,,CC1(C)C(C)(C)OB(C2=CC=CC=C2N3C=CC=N3)O1,0.72,,,,
66,10.1002/anie.202007144 ,,,,,,,N1(C2=CC=CC=C2)C=CC=N1,,,BrC1CCCCC1,,,,,,,CC1=CC=C(C(C)C)C=C1.CC2=CC=C(C(C)C)C=C2.[Ru+2].[Cl-].[Cl-].[Ru+2].[Cl-].[Cl-],,,,,,,,O=C(O)C1=C(C)C=C(C)C=C1C,,CC1=CC=CC=C1C,,,,CC1(C)C(C)(C)OB(C2=CC=CC=C2N3C=CC=N3)O1,0.5,,,,
67,10.1002/anie.202007144 ,,,,,,,N1(C2=CC=CC=C2)C=CC=N1,,,BrC1CCCCC1,,,,,,,CC1=CC=C(C(C)C)C=C1.CC2=CC=C(C(C)C)C=C2.[Ru+2].[Cl-].[Cl-].[Ru+2].[Cl-].[Cl-],,,,,,,,,,CC(C)(C)C1=CC=CC=C1,,,,CC1(C)C(C)(C)OB(C2=CC=CC=C2N3C=CC=N3)O1,0.28,,,,
68,10.1002/anie.202007144 ,,,,,,,N1(C2=CC=CC=C2)C=CC=N1,,,BrC1CCCCC1,,,,,,,FB(F)F.FB(F)F.N#CC(C)(C)C.N#CC(C)(C)C.N#CC(C)(C)C.N#CC(C)(C)C.N#CC(C)(C)C.N#CC(C)(C)C.[Ru+2].[F-].[F-],,,,,,,,O=C(O)C1=C(C)C=C(C)C=C1C,,CC(C)(C)C1=CC=CC=C1,,,,CC1(C)C(C)(C)OB(C2=CC=CC=C2N3C=CC=N3)O1,0.68,,,,
69,10.1002/anie.202007144 ,,,,,,,N1(C2=CC=CC=C2)C=CC=N1,,,BrC1CCCCC1,,,,,,,F[P-](F)(F)(F)(F)F.F[P-](F)(F)(F)(F)F.N#CC(C)(C)C.N#CC(C)(C)C.N#CC(C)(C)C.N#CC(C)(C)C.N#CC(C)(C)C.N#CC(C)(C)C.[Ru+2],,,,,,,,O=C(O)C1=C(C)C=C(C)C=C1C,,CC(C)(C)C1=CC=CC=C1,,,,CC1(C)C(C)(C)OB(C2=CC=CC=C2N3C=CC=N3)O1,0.72,,,,
70,10.1002/anie.202007144 ,,,,,,,N1(C2=CC=CC=C2)C=CC=N1,,,BrC1CCCCC1,,,,,,,F[Sb](F)(F)(F)F.F[Sb](F)(F)(F)F.N#CC(C)(C)C.N#CC(C)(C)C.N#CC(C)(C)C.N#CC(C)(C)C.N#CC(C)(C)C.N#CC(C)(C)C.[Ru+2].[F-].[F-],,,,,,,,O=C(O)C1=C(C)C=C(C)C=C1C,,CC(C)(C)C1=CC=CC=C1,,,,CC1(C)C(C)(C)OB(C2=CC=CC=C2N3C=CC=N3)O1,0.72,,,,
71,10.1002/anie.202007144 ,,,,,,,N1(C2=CC=CC=C2)C=CC=N1,,,BrC1CCCCC1,,,,,,,F[P-](F)(F)(F)(F)F.F[P-](F)(F)(F)(F)F.N#CC.N#CC.N#CC.N#CC.N#CC.N#CC.[Ru+2],,,,,,,,O=C(O)C1=C(C)C=C(C)C=C1C,,CC(C)(C)C1=CC=CC=C1,,,,CC1(C)C(C)(C)OB(C2=CC=CC=C2N3C=CC=N3)O1,0.77,,,,
72,10.1002/anie.202007144 ,,,,,,,N1(C2=CC=CC=C2)C=CC=N1,,,ClC1CCCCC1,,,,,,,CC1=CC=C(C(C)C)C=C1.CC2=CC=C(C(C)C)C=C2.[Ru+2].[Cl-].[Cl-].[Ru+2].[Cl-].[Cl-],,,,,,,,O=C(O)C1=C(C)C=C(C)C=C1C,,CC(C)(C)C1=CC=CC=C1,,,,CC1(C)C(C)(C)OB(C2=CC=CC=C2N3C=CC=N3)O1,0.43,,,,
73,10.1002/anie.202007144 ,,,,,,,N1(C2=CC=CC=C2)C=CC=N1,,,IC1CCCCC1,,,,,,,CC1=CC=C(C(C)C)C=C1.CC2=CC=C(C(C)C)C=C2.[Ru+2].[Cl-].[Cl-].[Ru+2].[Cl-].[Cl-],,,,,,,,O=C(O)C1=C(C)C=C(C)C=C1C,,CC(C)(C)C1=CC=CC=C1,,,,CC1(C)C(C)(C)OB(C2=CC=CC=C2N3C=CC=N3)O1,0.6,,,,
74,10.1002/anie.202007144 ,,,,,,,N1(C2=CC=CC=C2)C=CC=N1,,,BrC1CCC1,,,,,,,CC1=CC=C(C(C)C)C=C1.CC2=CC=C(C(C)C)C=C2.[Ru+2].[Cl-].[Cl-].[Ru+2].[Cl-].[Cl-],,,,,,,,O=C(O)C1=C(C)C=C(C)C=C1C,,CC(C)(C)C1=CC=CC=C1,,,,CC1(C)C(C)(C)OB(C2=CC=CC=C2N3C=CC=N3)O1,0.71,,,,
75,10.1002/anie.202007144 ,,,,,,,N1(C2=CC=CC=C2)C=CC=N1,,,BrC1CCCC1,,,,,,,CC1=CC=C(C(C)C)C=C1.CC2=CC=C(C(C)C)C=C2.[Ru+2].[Cl-].[Cl-].[Ru+2].[Cl-].[Cl-],,,,,,,,O=C(O)C1=C(C)C=C(C)C=C1C,,CC(C)(C)C1=CC=CC=C1,,,,CC1(C)C(C)(C)OB(C2=CC(N3C=CC=N3)=CC=C2)O1,0.49,,,,
76,10.1002/anie.202007144 ,,,,,,,N1(C2=CC=CC=C2)C=CC=N1,,,BrC1CCCCC1,,,,,,,CC1=CC=C(C(C)C)C=C1.CC2=CC=C(C(C)C)C=C2.[Ru+2].[Cl-].[Cl-].[Ru+2].[Cl-].[Cl-],,,,,,,,O=C(O)C1=C(C)C=C(C)C=C1C,,CC(C)(C)C1=CC=CC=C1,,,,CC1(C)C(C)(C)OB(C2=CC=CC=C2N3C=CC=N3)O1,0.72,,,,
77,10.1002/anie.202007144 ,,,,,,,N1(C2=CC=CC=C2)C=CC=N1,,,BrC1CCCCCC1,,,,,,,CC1=CC=C(C(C)C)C=C1.CC2=CC=C(C(C)C)C=C2.[Ru+2].[Cl-].[Cl-].[Ru+2].[Cl-].[Cl-],,,,,,,,O=C(O)C1=C(C)C=C(C)C=C1C,,CC(C)(C)C1=CC=CC=C1,,,,CC1(C)C(C)(C)OB(C2=CC(N3C=CC=N3)=CC=C2)O1,0.58,,,,
78,10.1002/anie.202007144 ,,,,,,,N1(C2=CC=CC=C2)C=CC=N1,,,BrC1CCCCCCC1,,,,,,,CC1=CC=C(C(C)C)C=C1.CC2=CC=C(C(C)C)C=C2.[Ru+2].[Cl-].[Cl-].[Ru+2].[Cl-].[Cl-],,,,,,,,O=C(O)C1=C(C)C=C(C)C=C1C,,CC(C)(C)C1=CC=CC=C1,,,,CC1(C)C(C)(C)OB(C2=CC(N3C=CC=N3)=CC=C2)O1,0.66,,,,
79,10.1002/anie.202007144 ,,,,,,,N1(C2=CC=CC=C2)C=CC=N1,,,Br[C@H]1[C@@H]2CC[C@H](C1)C2,,,,,,,CC1=CC=C(C(C)C)C=C1.CC2=CC=C(C(C)C)C=C2.[Ru+2].[Cl-].[Cl-].[Ru+2].[Cl-].[Cl-],,,,,,,,O=C(O)C1=C(C)C=C(C)C=C1C,,CC(C)(C)C1=CC=CC=C1,,,,CC1(C)C(C)(C)OB(C2=CC=CC=C2N3C=CC=N3)O1,0.56,,,,
80,10.1002/anie.202007144 ,,,,,,,N1(C2=CC=CC=C2)C=CC=N1,,,CC(Br)CC,,,,,,,CC1=CC=C(C(C)C)C=C1.CC2=CC=C(C(C)C)C=C2.[Ru+2].[Cl-].[Cl-].[Ru+2].[Cl-].[Cl-],,,,,,,,O=C(O)C1=C(C)C=C(C)C=C1C,,CC(C)(C)C1=CC=CC=C1,,,,CC1(C)C(C)(C)OB(C2=CC(N3C=CC=N3)=CC=C2)O1,0.39,,,,
81,10.1002/anie.202007144 ,,,,,,,N1(C2=CC=CC=C2)C=CC=N1,,,CC(Br)CCC,,,,,,,CC1=CC=C(C(C)C)C=C1.CC2=CC=C(C(C)C)C=C2.[Ru+2].[Cl-].[Cl-].[Ru+2].[Cl-].[Cl-],,,,,,,,O=C(O)C1=C(C)C=C(C)C=C1C,,CC(C)(C)C1=CC=CC=C1,,,,CC1(C)C(C)(C)OB(C2=CC(N3C=CC=N3)=CC=C2)O1,0.42,,,,
82,10.1002/anie.202007144 ,,,,,,,N1(C2=CC=CC=C2)C=CC=N1,,,BrCC(C)(C)C,,,,,,,CC1=CC=C(C(C)C)C=C1.CC2=CC=C(C(C)C)C=C2.[Ru+2].[Cl-].[Cl-].[Ru+2].[Cl-].[Cl-],,,,,,,,O=C(O)C1=C(C)C=C(C)C=C1C,,CC1=CC=CC=C1C,,,,CC1(C)C(C)(C)OB(C2=CC=CC=C2N3C=CC=N3)O1,0.63,,,,
83,10.1002/anie.202007144 ,,,,,,,COC(C=C1)=CC=C1N2C=CC=N2,,,BrCC(C)(C)C,,,,,,,CC1=CC=C(C(C)C)C=C1.CC2=CC=C(C(C)C)C=C2.[Ru+2].[Cl-].[Cl-].[Ru+2].[Cl-].[Cl-],,,,,,,,O=C(O)C1=C(C)C=C(C)C=C1C,,CC1=CC=CC=C1C,,,,COC1=CC=C(N2C=CC=N2)C(B3OC(C)(C)C(C)(C)O3)=C1,0.66,,,,
84,10.1002/anie.202007144 ,,,,,,,CC(C=C1)=CC=C1N2C=CC=N2,,,BrC1CCCCC1,,,,,,,CC1=CC=C(C(C)C)C=C1.CC2=CC=C(C(C)C)C=C2.[Ru+2].[Cl-].[Cl-].[Ru+2].[Cl-].[Cl-],,,,,,,,O=C(O)C1=C(C)C=C(C)C=C1C,,CC(C)(C)C1=CC=CC=C1,,,,CC1=CC=C(N2C=CC=N2)C(B3OC(C)(C)C(C)(C)O3)=C1,0.87,,,,
85,10.1002/anie.202007144 ,,,,,,,COC(C=C1)=CC=C1N2C=CC=N2,,,BrC1CCCCC1,,,,,,,CC1=CC=C(C(C)C)C=C1.CC2=CC=C(C(C)C)C=C2.[Ru+2].[Cl-].[Cl-].[Ru+2].[Cl-].[Cl-],,,,,,,,O=C(O)C1=C(C)C=C(C)C=C1C,,CC(C)(C)C1=CC=CC=C1,,,,COC1=CC=C(N2C=CC=N2)C(B3OC(C)(C)C(C)(C)O3)=C1,0.79,,,,
86,10.1002/anie.202007144 ,,,,,,,FC(C=C1)=CC=C1N2C=CC=N2,,,BrC1CCCCC1,,,,,,,CC1=CC=C(C(C)C)C=C1.CC2=CC=C(C(C)C)C=C2.[Ru+2].[Cl-].[Cl-].[Ru+2].[Cl-].[Cl-],,,,,,,,O=C(O)C1=C(C)C=C(C)C=C1C,,CC(C)(C)C1=CC=CC=C1,,,,FC1=CC=C(N2C=CC=N2)C(B3OC(C)(C)C(C)(C)O3)=C1,0.61,,,,
87,10.1002/anie.202007144 ,,,,,,,FC(C(C=C1)=CC=C1N2C=CC=N2)(F)F,,,BrC1CCCCC1,,,,,,,CC1=CC=C(C(C)C)C=C1.CC2=CC=C(C(C)C)C=C2.[Ru+2].[Cl-].[Cl-].[Ru+2].[Cl-].[Cl-],,,,,,,,O=C(O)C1=C(C)C=C(C)C=C1C,,CC(C)(C)C1=CC=CC=C1,,,,CC1(C)C(C)(C)OB(C2=CC(C(F)(F)F)=CC=C2N3C=CC=N3)O1,0.55,,,,
88,10.1002/anie.202007144 ,,,,,,,O=C(C(C=C1)=CC=C1N2C=CC=N2)C,,,BrC1CCCCC1,,,,,,,CC1=CC=C(C(C)C)C=C1.CC2=CC=C(C(C)C)C=C2.[Ru+2].[Cl-].[Cl-].[Ru+2].[Cl-].[Cl-],,,,,,,,O=C(O)C1=C(C)C=C(C)C=C1C,,CC(C)(C)C1=CC=CC=C1,,,,O=C(C)C1=CC=C(N2C=CC=N2)C(B3OC(C)(C)C(C)(C)O3)=C1,0.94,,,,
89,10.1002/anie.202007144 ,,,,,,,CC1=NN(C2=CC=CC=C2)C(C)=C1,,,BrC1CCCC1,,,,,,,CC1=CC=C(C(C)C)C=C1.CC2=CC=C(C(C)C)C=C2.[Ru+2].[Cl-].[Cl-].[Ru+2].[Cl-].[Cl-],,,,,,,,O=C(O)C1=C(C)C=C(C)C=C1C,,CC(C)(C)C1=CC=CC=C1,,,,CC1=NN(C(C)=C1)C2=CC=CC(B3OC(C)(C)C(C)(C)O3)=C2,0.58,,,,
90,10.1002/anie.202007144 ,,,,,,,CC1=NN(C2=CC=CC=C2)C(C)=C1,,,BrC1CCCCC1,,,,,,,CC1=CC=C(C(C)C)C=C1.CC2=CC=C(C(C)C)C=C2.[Ru+2].[Cl-].[Cl-].[Ru+2].[Cl-].[Cl-],,,,,,,,O=C(O)C1=C(C)C=C(C)C=C1C,,CC(C)(C)C1=CC=CC=C1,,,,CC1=NN(C(C)=C1)C2=CC=CC(B3OC(C)(C)C(C)(C)O3)=C2,0.62,,,,
91,10.1002/anie.202007144 ,,,,,,,CC1=NN(C2=CC=CC=C2)C(C)=C1,,,BrC1CCCCCC1,,,,,,,CC1=CC=C(C(C)C)C=C1.CC2=CC=C(C(C)C)C=C2.[Ru+2].[Cl-].[Cl-].[Ru+2].[Cl-].[Cl-],,,,,,,,O=C(O)C1=C(C)C=C(C)C=C1C,,CC(C)(C)C1=CC=CC=C1,,,,CC1=NN(C(C)=C1)C2=CC=CC(B3OC(C)(C)C(C)(C)O3)=C2,0.96,,,,
92,10.1002/anie.202007144 ,,,,,,,CC1=NN(C2=CC=CC=C2)C(C)=C1,,,BrC1CCCCCCC1,,,,,,,CC1=CC=C(C(C)C)C=C1.CC2=CC=C(C(C)C)C=C2.[Ru+2].[Cl-].[Cl-].[Ru+2].[Cl-].[Cl-],,,,,,,,O=C(O)C1=C(C)C=C(C)C=C1C,,CC(C)(C)C1=CC=CC=C1,,,,CC1=NN(C(C)=C1)C2=CC=CC(B3OC(C)(C)C(C)(C)O3)=C2,0.96,,,,
93,10.1002/anie.202007144 ,,,,,,,CC1=NN(C2=CC=CC=C2)C(C)=C1,,,Br[C@@H]1[C@@H]2CC[C@@H](C2)C1,,,,,,,CC1=CC=C(C(C)C)C=C1.CC2=CC=C(C(C)C)C=C2.[Ru+2].[Cl-].[Cl-].[Ru+2].[Cl-].[Cl-],,,,,,,,O=C(O)C1=C(C)C=C(C)C=C1C,,CC(C)(C)C1=CC=CC=C1,,,,CC1=NN(C(C)=C1)C2=CC=CC(B3OC(C)(C)C(C)(C)O3)=C2,0.37,,,,
94,10.1002/anie.202007144 ,,,,,,,CC1=NN(C2=CC=CC=C2)C(C)=C1,,,CC(Br)CC,,,,,,,CC1=CC=C(C(C)C)C=C1.CC2=CC=C(C(C)C)C=C2.[Ru+2].[Cl-].[Cl-].[Ru+2].[Cl-].[Cl-],,,,,,,,O=C(O)C1=C(C)C=C(C)C=C1C,,CC(C)(C)C1=CC=CC=C1,,,,CC1=NN(C(C)=C1)C2=CC=CC(B3OC(C)(C)C(C)(C)O3)=C2,0.92,,,,
95,10.1002/anie.202007144 ,,,,,,,CC1=NN(C2=CC=CC=C2)C(C)=C1,,,CC(Br)CCC,,,,,,,CC1=CC=C(C(C)C)C=C1.CC2=CC=C(C(C)C)C=C2.[Ru+2].[Cl-].[Cl-].[Ru+2].[Cl-].[Cl-],,,,,,,,O=C(O)C1=C(C)C=C(C)C=C1C,,CC(C)(C)C1=CC=CC=C1,,,,CC1=NN(C(C)=C1)C2=CC=CC(B3OC(C)(C)C(C)(C)O3)=C2,0.91,,,,
96,10.1002/anie.202007144 ,,,,,,,CC1=NN(C2=CC=CC=C2)C(C)=C1,,,BrCC(C)(C)C,,,,,,,CC1=CC=C(C(C)C)C=C1.CC2=CC=C(C(C)C)C=C2.[Ru+2].[Cl-].[Cl-].[Ru+2].[Cl-].[Cl-],,,,,,,,O=C(O)C1=C(C)C=C(C)C=C1C,,CC(C)(C)C1=CC=CC=C1,,,,CC1=NN(C(C)=C1)C2=CC=CC(B3OC(C)(C)C(C)(C)O3)=C2,0.32,,,,
97,10.1021/acscatal.9b04592,,,,,,,C1(C2=CC=CC=C2)=NC=CC=C1,,,ClCC1=CC=C(OC)C=C1,,,,,,,CC1=CC=C(C(C)C)C=C1.[O-]C(C)=O.[O-]C(C)=O.[Ru+2],,,,P(C1=CC=CC=C1)(C2=CC=CC=C2)C3=CC=CC=C3,,,,,,C1COCCO1,,,,CC(O1)(C)C(C)(C)OB1C2=CC(C3=NC=CC=C3)=CC=C2,0.55,,,,
98,10.1021/acscatal.9b04592,,,,,,,COC(C=C1)=CC=C1C2=NC=CC=C2,,,ClCC1=CC=C(OC)C=C1,,,,,,,CC1=CC=C(C(C)C)C=C1.[O-]C(C)=O.[O-]C(C)=O.[Ru+2],,,,P(C1=CC=CC=C1)(C2=CC=CC=C2)C3=CC=CC=C3,,,,,,C1COCCO1,,,,COC1=CC=C(C2=NC=CC=C2)C=C1B3OC(C)(C)C(C)(C)O3,0.62,,,,
99,10.1021/acscatal.9b04592,,,,,,,COC1=CC(C2=CC=CC=C2)=NC=C1,,,ClCC1=CC=C(OC)C=C1,,,,,,,CC1=CC=C(C(C)C)C=C1.[O-]C(C)=O.[O-]C(C)=O.[Ru+2],,,,P(C1=CC=CC=C1)(C2=CC=CC=C2)C3=CC=CC=C3,,,,,,C1COCCO1,,,,CC(O1)(C)C(C)(C)OB1C2=CC(C3=NC=CC(OC)=C3)=CC=C2,0.65,,,,
100,10.1021/acscatal.9b04592,,,,,,,C1(C2=CC=CC=C2)=NC=CC=N1,,,ClCC1=CC=C(OC)C=C1,,,,,,,CC1=CC=C(C(C)C)C=C1.[O-]C(C)=O.[O-]C(C)=O.[Ru+2],,,,P(C1=CC=CC=C1)(C2=CC=CC=C2)C3=CC=CC=C3,,,,,,C1COCCO1,,,,CC1(C)C(C)(C)OB(C2=CC(C3=NC=CC=N3)=CC=C2)O1,0.59,,,,
101,10.1021/acscatal.9b04592,,,,,,,FC(C=C1)=CC=C1C2=NC=CC=N2,,,ClCC1=CC=C(OC)C=C1,,,,,,,CC1=CC=C(C(C)C)C=C1.[O-]C(C)=O.[O-]C(C)=O.[Ru+2],,,,P(C1=CC=CC=C1)(C2=CC=CC=C2)C3=CC=CC=C3,,,,,,C1COCCO1,,,,FC1=CC=C(C2=NC=CC=N2)C=C1B3OC(C)(C)C(C)(C)O3,0.51,,,,
102,10.1021/acscatal.9b04592,,,,,,,C1(C2=CC=CC=C2)=NCCO1,,,ClCC1=CC=C(OC)C=C1,,,,,,,CC1=CC=C(C(C)C)C=C1.[O-]C(C)=O.[O-]C(C)=O.[Ru+2],,,,P(C1=CC=CC=C1)(C2=CC=CC=C2)C3=CC=CC=C3,,,,,,C1COCCO1,,,,CC1(C)C(C)(C)OB(C2=CC(C3=NCCO3)=CC=C2)O1,0.6,,,,
103,10.1021/acscatal.9b04592,,,,,,,BrC(C=C1)=CC=C1C2=NCCO2,,,ClCC1=CC=C(OC)C=C1,,,,,,,CC1=CC=C(C(C)C)C=C1.[O-]C(C)=O.[O-]C(C)=O.[Ru+2],,,,P(C1=CC=CC=C1)(C2=CC=CC=C2)C3=CC=CC=C3,,,,,,C1COCCO1,,,,CC1(C)C(C)(C)OB(C2=CC(C3=NCCO3)=CC=C2Br)O1,0.5,,,,
104,10.1021/acscatal.9b04592,,,,,,,C1(C2=CC=CC=C2)=NC=CC=N1,,,ClCC1=CC=CC=C1,,,,,,,CC1=CC=C(C(C)C)C=C1.[O-]C(C)=O.[O-]C(C)=O.[Ru+2],,,,P(C1=CC=CC=C1)(C2=CC=CC=C2)C3=CC=CC=C3,,,,,,C1COCCO1,,,,CC1(C)C(C)(C)OB(C2=CC(C3=NC=CC=N3)=CC=C2)O1,0.52,,,,
105,10.1021/acscatal.9b04592,,,,,,,C1(C2=CC=CC=C2)=NC=CC=N1,,,ClC(C)C1=CC=CC=C1,,,,,,,CC1=CC=C(C(C)C)C=C1.[O-]C(C)=O.[O-]C(C)=O.[Ru+2],,,,P(C1=CC=CC=C1)(C2=CC=CC=C2)C3=CC=CC=C3,,,,,,C1COCCO1,,,,CC1(C)C(C)(C)OB(C2=CC(C3=NC=CC=N3)=CC=C2)O1,0.68,,,,
106,10.1021/acscatal.9b04592,,,,,,,C1(C2=CC=CC=C2)=NC=CC=N1,,,ClC(C)C1=CC=C(F)C=C1,,,,,,,CC1=CC=C(C(C)C)C=C1.[O-]C(C)=O.[O-]C(C)=O.[Ru+2],,,,P(C1=CC=CC=C1)(C2=CC=CC=C2)C3=CC=CC=C3,,,,,,C1COCCO1,,,,CC1(C)C(C)(C)OB(C2=CC(C3=NC=CC=N3)=CC=C2)O1,0.81,,,,
107,10.1021/acscatal.9b04592,,,,,,,C1(C2=CC=CC=C2)=NC=CC=C1,,,ClC(C)C1=CC=CC=C1,,,,,,,CC1=CC=C(C(C)C)C=C1.[O-]C(C)=O.[O-]C(C)=O.[Ru+2],,,,P(C1=CC=CC=C1)(C2=CC=CC=C2)C3=CC=CC=C3,,,,,,C1COCCO1,,,,CC(O1)(C)C(C)(C)OB1C2=CC(C3=NC=CC=C3)=CC=C2,0.74,,,,
108,10.1021/acscatal.9b04592,,,,,,,C1(C2=CC=CC=C2)=NC=CC=N1,,,ClC(C)C1=CC=CC=C1Cl,,,,,,,CC1=CC=C(C(C)C)C=C1.[O-]C(C)=O.[O-]C(C)=O.[Ru+2],,,,P(C1=CC=CC=C1)(C2=CC=CC=C2)C3=CC=CC=C3,,,,,,C1COCCO1,,,,CC1(C)C(C)(C)OB(C2=CC(C3=NC=CC=N3)=CC=C2)O1,0.52,,,,
109,10.1021/acscatal.9b04592,,,,,,,CC(C=C1)=CC=C1C2=NCCO2,,,ClC(C)C1=CC=CC=C1,,,,,,,CC1=CC=C(C(C)C)C=C1.[O-]C(C)=O.[O-]C(C)=O.[Ru+2],,,,P(C1=CC=CC=C1)(C2=CC=CC=C2)C3=CC=CC=C3,,,,,,C1COCCO1,,,,CC1(C)C(C)(C)OB(C2=CC(C3=NCCO3)=CC=C2)O1,0.52,,,,
110,10.1021/acscatal.9b04592,,,,,,,C1(C2=CC=CC=C2)=NC=CC=C1,,,ClCC1=CC=C(OC)C=C1,,,,,,,CC1=CC=C(C(C)C)C=C1.[O-]C(C)=O.[O-]C(C)=O.[Ru+2],,,,,,,,,,C1COCCO1,,,,CC1(C)C(C)(C)OB(C2=CC=CC=C2C3=NC=CC=C3)O1,0.91,,,,
111,10.1021/acscatal.9b04592,,,,,,,C1(C2=CC=CC=C2)=NC=CC=C1,,,ClCC1=CC=C(OC)C=C1,,,,,,,F[P-](F)(F)(F)(F)F.N#CC.N#CC.N#CC.N#CC.[Ru+2]C1=CC=CC=C1C2=NC=CC=C2,,,,,,,,,,C1COCCO1,,,,CC1(C)C(C)(C)OB(C2=CC=CC=C2C3=NC=CC=C3)O1,0.23,,,,
112,10.1021/acscatal.9b04592,,,,,,,C1(C2=CC=CC=C2)=NC=CC=C1,,,ClCC1=CC=C(OC)C=C1,,,,,,,F[P-](F)(F)(F)(F)F.N#CC.N#CC.N#CC.N#CC.[Ru+2]C1=CC=CC=C1C2=NC=CC=C2,,,,P(C1=CC=CC=C1)(C2=CC=CC=C2)C3=CC=CC=C3,,,,,,C1COCCO1,,,,CC(O1)(C)C(C)(C)OB1C2=CC(C3=NC=CC=C3)=CC=C2,0.07,,,,
113,10.1021/acscatal.9b04592,,,,,,,C1(C2=CC=CC=C2)=NC=CC=C1,,,ClCC1=CC=C(OC)C=C1,,,,,,,F[P-](F)(F)(F)(F)F.N#CC.N#CC.N#CC.N#CC.[Ru+2]C1=CC=CC=C1C2=NC=CC=C2,,,,,,,,[K]OC(C)=O,,C1COCCO1,,,,CC1(C)C(C)(C)OB(C2=CC=CC=C2C3=NC=CC=C3)O1,0.76,,,,
114,10.1021/acscatal.9b04592,,,,,,,C1(C2=CC=CC=C2)=NC=CC=C1,,,ClCC1=CC=C(OC)C=C1,,,,,,,F[P-](F)(F)(F)(F)F.N#CC.N#CC.N#CC.N#CC.[Ru+2]C1=CC=CC=C1C2=NC=CC=C2,,,,P(C1=CC=CC=C1)(C2=CC=CC=C2)C3=CC=CC=C3,,,,[K]OC(C)=O,,C1COCCO1,,,,CC(O1)(C)C(C)(C)OB1C2=CC(C3=NC=CC=C3)=CC=C2,0.95,,,,
115,10.1002/anie.201909457,,,,,,,FC(C=CC=C1)=C1C2=NC=CC=C2,,,BrC1=C(C#N)C=CC=C1,,,,,,,CC1=CC=C(C(C)C)C=C1.CC2=CC=C(C(C)C)C=C2.[Ru+2].[Cl-].[Cl-].[Ru+2].[Cl-].[Cl-],,,,,,,,CC1=C(C(O)=O)C(C)=CC(C)=C1,,CC1=CC=CC=C1,,,,FC1=C(C2=NC=CC=C2)C(B3OC(C)(C)C(C)(C)O3)=CC=C1,0.87,,,,
116,10.1002/anie.201909457,,,,,,,CN(C(C=CC=C1)=C1C2=NC=CC=C2)C,,,BrC1=C(C#N)C=CC=C1,,,,,,,CC1=CC=C(C(C)C)C=C1.CC2=CC=C(C(C)C)C=C2.[Ru+2].[Cl-].[Cl-].[Ru+2].[Cl-].[Cl-],,,,,,,,CC1=C(C(O)=O)C(C)=CC(C)=C1,,CC1=CC=CC=C1,,,,CN(C)C1=C(C2=NC=CC=C2)C(B3OC(C)(C)C(C)(C)O3)=CC=C1,0.61,,,,
117,10.1002/anie.201909457,,,,,,,CC(C=CC=C1)=C1C2=NC=CC=C2,,,BrC1=C(C#N)C=CC=C1,,,,,,,CC1=CC=C(C(C)C)C=C1.CC2=CC=C(C(C)C)C=C2.[Ru+2].[Cl-].[Cl-].[Ru+2].[Cl-].[Cl-],,,,,,,,CC1=C(C(O)=O)C(C)=CC(C)=C1,,CC1=CC=CC=C1,,,,CC1=C(C2=NC=CC=C2)C(B3OC(C)(C)C(C)(C)O3)=CC=C1,0.48,,,,
118,10.1002/anie.201909457,,,,,,,CC1=CC=CC(C2=NC=CC=C2)=C1,,,BrC1=C(C#N)C=CC=C1,,,,,,,CC1=CC=C(C(C)C)C=C1.CC2=CC=C(C(C)C)C=C2.[Ru+2].[Cl-].[Cl-].[Ru+2].[Cl-].[Cl-],,,,,,,,CC1=C(C(O)=O)C(C)=CC(C)=C1,,CC1=CC=CC=C1,,,,CC1(C)C(C)(C)OB(C2=CC=C(C)C=C2C3=NC=CC=C3)O1,0.08,,,,
119,10.1002/anie.201909457,,,,,,,C1(C2=CC=CC=C2)=NC=CC=C1,,,BrC1=C(C#N)C=CC=C1,,,,,,,CC1=CC=C(C(C)C)C=C1.CC2=CC=C(C(C)C)C=C2.[Ru+2].[Cl-].[Cl-].[Ru+2].[Cl-].[Cl-],,,,,,,,CC1=C(C(O)=O)C(C)=CC(C)=C1,,CC1=CC=CC=C1,,,,CC1(C)C(C)(C)OB(C2=CC=CC=C2C3=NC=CC=C3)O1,0.08,,,,
120,10.1002/anie.201909457,,,,,,,CC(C(C=CC=C1)=C1C2=NC=CC=C2)C,,,BrC1=C(C#N)C=CC=C1,,,,,,,CC1=CC=C(C(C)C)C=C1.CC2=CC=C(C(C)C)C=C2.[Ru+2].[Cl-].[Cl-].[Ru+2].[Cl-].[Cl-],,,,,,,,CC1=C(C(O)=O)C(C)=CC(C)=C1,,CC1=CC=CC=C1,,,,CC(C)C1=C(C2=NC=CC=C2)C(B3OC(C)(C)C(C)(C)O3)=CC=C1,0.08,,,,
121,10.1002/anie.201909457,,,,,,,FC(C=C1)=CC=C1CC(C=CC=C2)=C2C3=NC=CC=C3,,,BrC1=C(C#N)C=CC=C1,,,,,,,CC1=CC=C(C(C)C)C=C1.CC2=CC=C(C(C)C)C=C2.[Ru+2].[Cl-].[Cl-].[Ru+2].[Cl-].[Cl-],,,,,,,,CC1=C(C(O)=O)C(C)=CC(C)=C1,,CC1=CC=CC=C1,,,,FC1=CC=C(CC2=C(C3=NC=CC=C3)C(B4OC(C)(C)C(C)(C)O4)=CC=C2)C=C1,0.05,,,,
122,10.1021/ol200366n,,,,,,,COC(C=C1)=CC=C1C2=NC=CC=C2,,,CCCCCCBr,,,,,,,CC1=CC=C(C(C)C)C=C1.CC2=CC=C(C(C)C)C=C2.[Ru+2].[Cl-].[Cl-].[Ru+2].[Cl-].[Cl-],,,,,,,,O=C(O)C12C[C@H]3C[C@H](C[C@H](C3)C2)C1,,CN1CCCC1=O,,,,COC1=CC=C(C2=NC=CC=C2)C(B3OC(C)(C)C(C)(C)O3)=C1,0.53,,,,
123,10.1021/ol200366n,,,,,,,COC(C=C1)=CC=C1C2=NC=CC=C2,,,CCCCCCBr,,,,,,,CC1=CC=C(C(C)C)C=C1.CC2=CC=C(C(C)C)C=C2.[Ru+2].[Cl-].[Cl-].[Ru+2].[Cl-].[Cl-],,,,,,,,CC1=C(C(O)=O)C(C)=CC(C)=C1,,CN1CCCC1=O,,,,COC1=CC=C(C2=NC=CC=C2)C(B3OC(C)(C)C(C)(C)O3)=C1,0.48,,,,
124,10.1021/ol200366n,,,,,,,COC(C=C1)=CC=C1C2=NC=CC=C2,,,CCCCCCBr,,,,,,,CC1=CC=C(C(C)C)C=C1.CC2=CC=C(C(C)C)C=C2.[Ru+2].[Cl-].[Cl-].[Ru+2].[Cl-].[Cl-],,,,,,,,CC1=C(C(O)=O)C(C)=CC(C)=C1,,[H]O[H],,,,COC1=CC=C(C2=NC=CC=C2)C(B3OC(C)(C)C(C)(C)O3)=C1,0.52,,,,
125,10.1021/ol200366n,,,,,,,COC(C=C1)=CC=C1C2=NC=CC=C2,,,CCCCCCBr,,,,,,,CC1=CC=C(C(C)C)C=C1.CC2=CC=C(C(C)C)C=C2.[Ru+2].[Cl-].[Cl-].[Ru+2].[Cl-].[Cl-],,,,,,,,CC1=C(C(O)=O)C(C)=CC(C)=C1,,,,,,COC1=CC=C(C2=NC=CC=C2)C(B3OC(C)(C)C(C)(C)O3)=C1,0.46,,,,
126,10.1021/ol200366n,,,,,,,C/C(C1=CC=C(C)C=C1)=N\C2=CC=C(OC)C=C2,,,CCCCCCBr,,,,,,,CC1=CC=C(C(C)C)C=C1.CC2=CC=C(C(C)C)C=C2.[Ru+2].[Cl-].[Cl-].[Ru+2].[Cl-].[Cl-],,,,,,,,O=C(O)C12C[C@H]3C[C@H](C[C@H](C3)C2)C1,,CC1=CC=CC(C)=C1,,,,C/C(C1=CC=C(C=C1B2OC(C)(C)C(C)(C)O2)C)=N\C3=CC=C(C=C3)OC,0.77,,,,
127,10.1021/ol200366n,,,,,,,C/C(C1=CC=CC=C1)=N\C2=CC=C(OC)C=C2,,,CCCCCBr,,,,,,,CC1=CC=C(C(C)C)C=C1.CC2=CC=C(C(C)C)C=C2.[Ru+2].[Cl-].[Cl-].[Ru+2].[Cl-].[Cl-],,,,,,,,O=C(O)C12C[C@H]3C[C@H](C[C@H](C3)C2)C1,,CC1=CC=CC(C)=C1,,,,C/C(C1=CC=CC=C1B2OC(C)(C)C(C)(C)O2)=N\C3=CC=C(C=C3)OC,0.81,,,,
128,10.1021/ol200366n,,,,,,,C/C(C1=CC=CC=C1)=N\C2=CC=C(OC)C=C2,,,CCCCCCBr,,,,,,,CC1=CC=C(C(C)C)C=C1.CC2=CC=C(C(C)C)C=C2.[Ru+2].[Cl-].[Cl-].[Ru+2].[Cl-].[Cl-],,,,,,,,O=C(O)C12C[C@H]3C[C@H](C[C@H](C3)C2)C1,,CC1=CC=CC(C)=C1,,,,C/C(C1=CC=CC=C1B2OC(C)(C)C(C)(C)O2)=N\C3=CC=C(C=C3)OC,0.73,,,,
129,10.1021/ol200366n,,,,,,,C/C(C1=CC=CC=C1)=N\C2=CC=C(OC)C=C2,,,BrCCCCCCCC,,,,,,,CC1=CC=C(C(C)C)C=C1.CC2=CC=C(C(C)C)C=C2.[Ru+2].[Cl-].[Cl-].[Ru+2].[Cl-].[Cl-],,,,,,,,O=C(O)C12C[C@H]3C[C@H](C[C@H](C3)C2)C1,,CC1=CC=CC(C)=C1,,,,C/C(C1=CC=CC=C1B2OC(C)(C)C(C)(C)O2)=N\C3=CC=C(C=C3)OC,0.58,,,,
130,10.1021/ol200366n,,,,,,,C/C(C1=CC=CC=C1)=N\C2=CC=C(OC)C=C2,,,BrCCCCCCCCCC,,,,,,,CC1=CC=C(C(C)C)C=C1.CC2=CC=C(C(C)C)C=C2.[Ru+2].[Cl-].[Cl-].[Ru+2].[Cl-].[Cl-],,,,,,,,O=C(O)C12C[C@H]3C[C@H](C[C@H](C3)C2)C1,,CC1=CC=CC(C)=C1,,,,C/C(C1=CC=CC=C1B2OC(C)(C)C(C)(C)O2)=N\C3=CC=C(C=C3)OC,0.73,,,,
131,10.1021/ol200366n,,,,,,,C/C(C1=CC=CC=C1)=N\C2=CC=C(OC)C=C2,,,BrCCCCCCCCCCCC,,,,,,,CC1=CC=C(C(C)C)C=C1.CC2=CC=C(C(C)C)C=C2.[Ru+2].[Cl-].[Cl-].[Ru+2].[Cl-].[Cl-],,,,,,,,O=C(O)C12C[C@H]3C[C@H](C[C@H](C3)C2)C1,,CC1=CC=CC(C)=C1,,,,C/C(C1=CC=CC=C1B2OC(C)(C)C(C)(C)O2)=N\C3=CC=C(C=C3)OC,0.77,,,,
132,10.1021/ol200366n,,,,,,,C/C(C1=CC=C(F)C=C1)=N\C2=CC=C(OC)C=C2,,,CCCCCCBr,,,,,,,CC1=CC=C(C(C)C)C=C1.CC2=CC=C(C(C)C)C=C2.[Ru+2].[Cl-].[Cl-].[Ru+2].[Cl-].[Cl-],,,,,,,,O=C(O)C12C[C@H]3C[C@H](C[C@H](C3)C2)C1,,CC1=CC=CC(C)=C1,,,,C/C(C1=CC=C(F)C=C1B2OC(C)(C)C(C)(C)O2)=N\C3=CC=C(C=C3)OC,0.76,,,,
133,10.1021/ol200366n,,,,,,,C/C(C1=CC=C(F)C=C1)=N\C2=CC=C(OC)C=C2,,,BrCCCCCCCC,,,,,,,CC1=CC=C(C(C)C)C=C1.CC2=CC=C(C(C)C)C=C2.[Ru+2].[Cl-].[Cl-].[Ru+2].[Cl-].[Cl-],,,,,,,,O=C(O)C12C[C@H]3C[C@H](C[C@H](C3)C2)C1,,CC1=CC=CC(C)=C1,,,,C/C(C1=CC=C(F)C=C1B2OC(C)(C)C(C)(C)O2)=N\C3=CC=C(C=C3)OC,0.66,,,,
134,10.1021/ol200366n,,,,,,,C/C(C1=CC=C(F)C=C1)=N\C2=CC=C(OC)C=C2,,,BrCCCCCCCCCC,,,,,,,CC1=CC=C(C(C)C)C=C1.CC2=CC=C(C(C)C)C=C2.[Ru+2].[Cl-].[Cl-].[Ru+2].[Cl-].[Cl-],,,,,,,,O=C(O)C12C[C@H]3C[C@H](C[C@H](C3)C2)C1,,CC1=CC=CC(C)=C1,,,,C/C(C1=CC=C(F)C=C1B2OC(C)(C)C(C)(C)O2)=N\C3=CC=C(C=C3)OC,0.63,,,,
135,10.1021/ol200366n,,,,,,,C/C(C1=CC=C(F)C=C1)=N\C2=CC=C(OC)C=C2,,,BrCCCCCCCCCCCC,,,,,,,CC1=CC=C(C(C)C)C=C1.CC2=CC=C(C(C)C)C=C2.[Ru+2].[Cl-].[Cl-].[Ru+2].[Cl-].[Cl-],,,,,,,,O=C(O)C12C[C@H]3C[C@H](C[C@H](C3)C2)C1,,CC1=CC=CC(C)=C1,,,,C/C(C1=CC=C(F)C=C1B2OC(C)(C)C(C)(C)O2)=N\C3=CC=C(C=C3)OC,0.69,,,,
136,10.1021/ja208286b,,,,,,,C1(C2=CC=CC=C2)=NC=CC=C1,,,CC1=CC=C(S(=O)(Cl)=O)C=C1,,,,,,,CC1=CC=C(C(C)C)C=C1.CC2=CC=C(C(C)C)C=C2.[Ru+2].[Cl-].[Cl-].[Ru+2].[Cl-].[Cl-],,,,,,,,,,C1COCCO1,,,,CC(O1)(C)C(C)(C)OB1C2=CC(C3=NC=CC=C3)=CC=C2,0.27,,,,
137,10.1021/ja208286b,,,,,,,C1(C2=CC=CC=C2)=NC=CC=C1,,,CC1=CC=C(S(=O)(Cl)=O)C=C1,,,,,,,CC1=CC=C(C(C)C)C=C1.CC2=CC=C(C(C)C)C=C2.[Ru+2].[Cl-].[Cl-].[Ru+2].[Cl-].[Cl-],,,,,,,,,,CCOC(C)=O,,,,CC(O1)(C)C(C)(C)OB1C2=CC(C3=NC=CC=C3)=CC=C2,0.24,,,,
138,10.1021/ja208286b,,,,,,,C1(C2=CC=CC=C2)=NC=CC=C1,,,CC1=CC=C(S(=O)(Cl)=O)C=C1,,,,,,,CC1=CC=C(C(C)C)C=C1.CC2=CC=C(C(C)C)C=C2.[Ru+2].[Cl-].[Cl-].[Ru+2].[Cl-].[Cl-],,,,,,,,,,C1COCC1,,,,CC(O1)(C)C(C)(C)OB1C2=CC(C3=NC=CC=C3)=CC=C2,0.28,,,,
139,10.1021/ja208286b,,,,,,,C1(C2=CC=CC=C2)=NC=CC=C1,,,CC1=CC=C(S(=O)(Cl)=O)C=C1,,,,,,,CC1=CC=C(C(C)C)C=C1.CC2=CC=C(C(C)C)C=C2.[Ru+2].[Cl-].[Cl-].[Ru+2].[Cl-].[Cl-],,,,,,,,,,CC1=CC=CC=C1,,,,CC(O1)(C)C(C)(C)OB1C2=CC(C3=NC=CC=C3)=CC=C2,0.05,,,,
140,10.1021/ja208286b,,,,,,,C1(C2=CC=CC=C2)=NC=CC=C1,,,CC1=CC=C(S(=O)(Cl)=O)C=C1,,,,,,,CC1=CC=C(C(C)C)C=C1.CC2=CC=C(C(C)C)C=C2.[Ru+2].[Cl-].[Cl-].[Ru+2].[Cl-].[Cl-],,,,,,,,,,N#CC,,,,CC(O1)(C)C(C)(C)OB1C2=CC(C3=NC=CC=C3)=CC=C2,0.62,,,,
141,10.1021/ja208286b,,,,,,,C1(C2=CC=CC=C2)=NC=CC=C1,,,O=S(C1=CC=CC=C1)(Cl)=O,,,,,,,CC1=CC=C(C(C)C)C=C1.CC2=CC=C(C(C)C)C=C2.[Ru+2].[Cl-].[Cl-].[Ru+2].[Cl-].[Cl-],,,,,,,,,,N#CC,,,,CC(O1)(C)C(C)(C)OB1C2=CC(C3=NC=CC=C3)=CC=C2,0.7,,,,
142,10.1021/ja208286b,,,,,,,C1(C2=CC=CC=C2)=NC=CC=C1,,,O=S(C1=CC=C(C(C)(C)C)C=C1)(Cl)=O,,,,,,,CC1=CC=C(C(C)C)C=C1.CC2=CC=C(C(C)C)C=C2.[Ru+2].[Cl-].[Cl-].[Ru+2].[Cl-].[Cl-],,,,,,,,,,N#CC,,,,CC(O1)(C)C(C)(C)OB1C2=CC(C3=NC=CC=C3)=CC=C2,0.72,,,,
143,10.1021/ja208286b,,,,,,,C1(C2=CC=CC=C2)=NC=CC=C1,,,O=S(C1=CC=CC(C)=C1)(Cl)=O,,,,,,,CC1=CC=C(C(C)C)C=C1.CC2=CC=C(C(C)C)C=C2.[Ru+2].[Cl-].[Cl-].[Ru+2].[Cl-].[Cl-],,,,,,,,,,N#CC,,,,CC(O1)(C)C(C)(C)OB1C2=CC(C3=NC=CC=C3)=CC=C2,0.63,,,,
144,10.1021/ja208286b,,,,,,,C1(C2=CC=CC=C2)=NC=CC=C1,,,O=S(C1=C(C)C=C(C)C=C1C)(Cl)=O,,,,,,,CC1=CC=C(C(C)C)C=C1.CC2=CC=C(C(C)C)C=C2.[Ru+2].[Cl-].[Cl-].[Ru+2].[Cl-].[Cl-],,,,,,,,,,N#CC,,,,CC(O1)(C)C(C)(C)OB1C2=CC(C3=NC=CC=C3)=CC=C2,0.23,,,,
145,10.1021/ja208286b,,,,,,,C1(C2=CC=CC=C2)=NC=CC=C1,,,O=S(C1=CC=C(C=CC=C2)C2=C1)(Cl)=O,,,,,,,CC1=CC=C(C(C)C)C=C1.CC2=CC=C(C(C)C)C=C2.[Ru+2].[Cl-].[Cl-].[Ru+2].[Cl-].[Cl-],,,,,,,,,,N#CC,,,,CC(O1)(C)C(C)(C)OB1C2=CC(C3=NC=CC=C3)=CC=C2,0.59,,,,
146,10.1021/ja208286b,,,,,,,C1(C2=CC=CC=C2)=NC=CC=C1,,,O=S(C1=CC=C(Br)C=C1)(Cl)=O,,,,,,,CC1=CC=C(C(C)C)C=C1.CC2=CC=C(C(C)C)C=C2.[Ru+2].[Cl-].[Cl-].[Ru+2].[Cl-].[Cl-],,,,,,,,,,N#CC,,,,CC(O1)(C)C(C)(C)OB1C2=CC(C3=NC=CC=C3)=CC=C2,0.74,,,,
147,10.1021/ja208286b,,,,,,,C1(C2=CC=CC=C2)=NC=CC=C1,,,O=S(C1=CC=C(F)C=C1)(Cl)=O,,,,,,,CC1=CC=C(C(C)C)C=C1.CC2=CC=C(C(C)C)C=C2.[Ru+2].[Cl-].[Cl-].[Ru+2].[Cl-].[Cl-],,,,,,,,,,N#CC,,,,CC(O1)(C)C(C)(C)OB1C2=CC(C3=NC=CC=C3)=CC=C2,0.54,,,,
148,10.1021/ja208286b,,,,,,,C1(C2=CC=CC=C2)=NC=CC=C1,,,O=S(C1=CC=C(C(F)(F)F)C=C1)(Cl)=O,,,,,,,CC1=CC=C(C(C)C)C=C1.CC2=CC=C(C(C)C)C=C2.[Ru+2].[Cl-].[Cl-].[Ru+2].[Cl-].[Cl-],,,,,,,,,,N#CC,,,,CC(O1)(C)C(C)(C)OB1C2=CC(C3=NC=CC=C3)=CC=C2,0.5,,,,
149,10.1021/ja208286b,,,,,,,CC(C=C1)=CC=C1C2=NC=CC=C2,,,CC1=CC=C(S(=O)(Cl)=O)C=C1,,,,,,,CC1=CC=C(C(C)C)C=C1.CC2=CC=C(C(C)C)C=C2.[Ru+2].[Cl-].[Cl-].[Ru+2].[Cl-].[Cl-],,,,,,,,,,N#CC,,,,CC1=CC=C(C2=NC=CC=C2)C=C1B3OC(C)(C)C(C)(C)O3,0.56,,,,
150,10.1021/ja208286b,,,,,,,COC(C=C1)=CC=C1C2=NC=CC=C2,,,CC1=CC=C(S(=O)(Cl)=O)C=C1,,,,,,,CC1=CC=C(C(C)C)C=C1.CC2=CC=C(C(C)C)C=C2.[Ru+2].[Cl-].[Cl-].[Ru+2].[Cl-].[Cl-],,,,,,,,,,N#CC,,,,COC1=CC=C(C2=NC=CC=C2)C=C1B3OC(C)(C)C(C)(C)O3,0.43,,,,
151,10.1021/ja208286b,,,,,,,CC1=CC=CN=C1C2=CC=CC=C2,,,CC1=CC=C(S(=O)(Cl)=O)C=C1,,,,,,,CC1=CC=C(C(C)C)C=C1.CC2=CC=C(C(C)C)C=C2.[Ru+2].[Cl-].[Cl-].[Ru+2].[Cl-].[Cl-],,,,,,,,,,N#CC,,,,CC1=CC=CN=C1C2=CC=CC(B3OC(C)(C)C(C)(C)O3)=C2,0.48,,,,
152,10.1021/ja208286b,,,,,,,C1(C=CC=C2)=C2C(C3=CC=CC=C3)=NC=C1,,,CC1=CC=C(S(=O)(Cl)=O)C=C1,,,,,,,CC1=CC=C(C(C)C)C=C1.CC2=CC=C(C(C)C)C=C2.[Ru+2].[Cl-].[Cl-].[Ru+2].[Cl-].[Cl-],,,,,,,,,,N#CC,,,,CC1(C)C(C)(C)OB(C2=CC(C3=NC=CC4=C3C=CC=C4)=CC=C2)O1,0.4,,,,
153,10.1021/ja208286b,,,,,,,CC(C=C1)=CC=C1C2=NC=CC3=C2C=CC=C3,,,CC1=CC=C(S(=O)(Cl)=O)C=C1,,,,,,,CC1=CC=C(C(C)C)C=C1.CC2=CC=C(C(C)C)C=C2.[Ru+2].[Cl-].[Cl-].[Ru+2].[Cl-].[Cl-],,,,,,,,,,N#CC,,,,CC1(C)C(C)(C)OB(C2=CC(C3=NC=CC4=C3C=CC=C4)=CC=C2C)O1,0.33,,,,
154,10.1021/acscatal.7b03648 ,,,,,,,C1(C2=CC=CC=C2)=NCCO1,,,BrC(C(OC)=O)CCCC,,,,,,,CC1=CC=C(C(C)C)C=C1.CC2=C(C([O-])=O)C(C)=CC(C)=C2.CC3=C(C([O-])=O)C(C)=CC(C)=C3.[Ru+2],,,,P(C1=CC=CC=C1)(C2=CC=CC=C2)C3=CC=CC=C3,,,,,,CC1=CC=CC=C1,,,,CC1(C)C(C)(C)OB(C2=CC(C3=NCCO3)=CC=C2)O1,0.17,,,,
155,10.1021/acscatal.7b03648 ,,,,,,,C1(C2=CC=CC=C2)=NCCO1,,,BrC(C(OC)=O)CCCC,,,,,,,CC1=CC=C(C(C)C)C=C1.CC2=C(C([O-])=O)C(C)=CC(C)=C2.CC3=C(C([O-])=O)C(C)=CC(C)=C3.[Ru+2],,,,P(C1=CC=CC=C1)(C2=CC=CC=C2)C3=CC=CC=C3,,,,,,ClCCCl,,,,CC1(C)C(C)(C)OB(C2=CC(C3=NCCO3)=CC=C2)O1,0.1,,,,
156,10.1021/acscatal.7b03648 ,,,,,,,C1(C2=CC=CC=C2)=NCCO1,,,BrC(C(OC)=O)CCCC,,,,,,,CC1=CC=C(C(C)C)C=C1.CC2=C(C([O-])=O)C(C)=CC(C)=C2.CC3=C(C([O-])=O)C(C)=CC(C)=C3.[Ru+2],,,,P(C1=CC=CC=C1)(C2=CC=CC=C2)C3=CC=CC=C3,,,,,,C1COCCO1,,,,CC1(C)C(C)(C)OB(C2=CC(C3=NCCO3)=CC=C2)O1,0.76,,,,
157,10.1021/acscatal.7b03648 ,,,,,,,C1(C2=CC=CC=C2)=NCCO1,,,BrC(C(OC)=O)CCCC,,,,,,,CC1=CC=C(C(C)C)C=C1.O=C(C23C[C@H]4C[C@H](C[C@H](C4)C3)C2)[O-].O=C(C56C[C@H]7C[C@H](C[C@H](C7)C6)C5)[O-].[Ru+2],,,,P(C1=CC=CC=C1)(C2=CC=CC=C2)C3=CC=CC=C3,,,,,,C1COCCO1,,,,CC1(C)C(C)(C)OB(C2=CC(C3=NCCO3)=CC=C2)O1,0.73,,,,
158,10.1021/acscatal.7b03648 ,,,,,,,CC(C=C1)=CC=C1C2=NCCO2,,,BrC(C(OC)=O)CCCC,,,,,,,CC1=CC=C(C(C)C)C=C1.CC2=C(C([O-])=O)C(C)=CC(C)=C2.CC3=C(C([O-])=O)C(C)=CC(C)=C3.[Ru+2],,,,P(C1=CC=CC=C1)(C2=CC=CC=C2)C3=CC=CC=C3,,,,,,C1COCCO1,,,,CC1(C)C(C)(C)OB(C2=CC(C3=NCCO3)=CC=C2C)O1,0.78,,,,
159,10.1021/acscatal.7b03648 ,,,,,,,FC(C(C=C1)=CC=C1C2=NCCO2)(F)F,,,BrC(C(OC)=O)CCCC,,,,,,,CC1=CC=C(C(C)C)C=C1.CC2=C(C([O-])=O)C(C)=CC(C)=C2.CC3=C(C([O-])=O)C(C)=CC(C)=C3.[Ru+2],,,,P(C1=CC=CC=C1)(C2=CC=CC=C2)C3=CC=CC=C3,,,,,,C1COCCO1,,,,CC1(C)C(C)(C)OB(C2=CC(C3=NCCO3)=CC=C2C(F)(F)F)O1,0.53,,,,
160,10.1021/acscatal.7b03648 ,,,,,,,COC(C=C1)=CC=C1C2=NCCO2,,,BrC(C(OC)=O)CCCC,,,,,,,CC1=CC=C(C(C)C)C=C1.CC2=C(C([O-])=O)C(C)=CC(C)=C2.CC3=C(C([O-])=O)C(C)=CC(C)=C3.[Ru+2],,,,P(C1=CC=CC=C1)(C2=CC=CC=C2)C3=CC=CC=C3,,,,,,C1COCCO1,,,,CC1(C)C(C)(C)OB(C2=CC(C3=NCCO3)=CC=C2OC)O1,0.7,,,,
161,10.1021/acscatal.7b03648 ,,,,,,,FC(C=C1)=CC=C1C2=NCCO2,,,BrC(C(OC)=O)CCCC,,,,,,,CC1=CC=C(C(C)C)C=C1.CC2=C(C([O-])=O)C(C)=CC(C)=C2.CC3=C(C([O-])=O)C(C)=CC(C)=C3.[Ru+2],,,,P(C1=CC=CC=C1)(C2=CC=CC=C2)C3=CC=CC=C3,,,,,,C1COCCO1,,,,CC1(C)C(C)(C)OB(C2=CC(C3=NCCO3)=CC=C2F)O1,0.61,,,,
162,10.1021/acscatal.7b03648 ,,,,,,,ClC(C=C1)=CC=C1C2=NCCO2,,,BrC(C(OC)=O)CCCC,,,,,,,CC1=CC=C(C(C)C)C=C1.CC2=C(C([O-])=O)C(C)=CC(C)=C2.CC3=C(C([O-])=O)C(C)=CC(C)=C3.[Ru+2],,,,P(C1=CC=CC=C1)(C2=CC=CC=C2)C3=CC=CC=C3,,,,,,C1COCCO1,,,,CC1(C)C(C)(C)OB(C2=CC(C3=NCCO3)=CC=C2Cl)O1,0.71,,,,
163,10.1021/acscatal.7b03648 ,,,,,,,BrC(C=C1)=CC=C1C2=NCCO2,,,BrC(C(OC)=O)CCCC,,,,,,,CC1=CC=C(C(C)C)C=C1.CC2=C(C([O-])=O)C(C)=CC(C)=C2.CC3=C(C([O-])=O)C(C)=CC(C)=C3.[Ru+2],,,,P(C1=CC=CC=C1)(C2=CC=CC=C2)C3=CC=CC=C3,,,,,,C1COCCO1,,,,CC1(C)C(C)(C)OB(C2=CC(C3=NCCO3)=CC=C2Br)O1,0.67,,,,
164,10.1021/acscatal.7b03648 ,,,,,,,FC(C=CC=C1)=C1C2=NCCO2,,,BrC(C(OC)=O)CCCC,,,,,,,CC1=CC=C(C(C)C)C=C1.CC2=C(C([O-])=O)C(C)=CC(C)=C2.CC3=C(C([O-])=O)C(C)=CC(C)=C3.[Ru+2],,,,P(C1=CC=CC=C1)(C2=CC=CC=C2)C3=CC=CC=C3,,,,,,C1COCCO1,,,,FC1=C(C2=NCCO2)C=CC=C1B3OC(C)(C)C(C)(C)O3,0.73,,,,
165,10.1021/acscatal.7b03648 ,,,,,,,CCOC(C=CC=C1)=C1C2=NCCO2,,,BrC(C(OC)=O)CCCC,,,,,,,CC1=CC=C(C(C)C)C=C1.CC2=C(C([O-])=O)C(C)=CC(C)=C2.CC3=C(C([O-])=O)C(C)=CC(C)=C3.[Ru+2],,,,P(C1=CC=CC=C1)(C2=CC=CC=C2)C3=CC=CC=C3,,,,,,C1COCCO1,,,,CC1(C)C(C)(C)OB(C2=CC=CC(C3=NCCO3)=C2OCC)O1,0.5,,,,
166,10.1021/acscatal.7b03648 ,,,,,,,C1(C2=CC=CC=C2)=NCCO1,,,BrC(C(OC)=O)C,,,,,,,CC1=CC=C(C(C)C)C=C1.CC2=C(C([O-])=O)C(C)=CC(C)=C2.CC3=C(C([O-])=O)C(C)=CC(C)=C3.[Ru+2],,,,P(C1=CC=CC=C1)(C2=CC=CC=C2)C3=CC=CC=C3,,,,,,C1COCCO1,,,,CC1(C)C(C)(C)OB(C2=CC=CC(C3=NCC(C)O3)=C2)O1,0.8,,,,
167,10.1021/acscatal.7b03648 ,,,,,,,CC1OC(C2=CC=CC=C2)=NC1,,,BrC(C(OC)=O)CCCC,,,,,,,CC1=CC=C(C(C)C)C=C1.CC2=C(C([O-])=O)C(C)=CC(C)=C2.CC3=C(C([O-])=O)C(C)=CC(C)=C3.[Ru+2],,,,P(C1=CC=CC=C1)(C2=CC=CC=C2)C3=CC=CC=C3,,,,,,C1COCCO1,,,,CC1(C)C(C)(C)OB(C2=CC=CC(C3=NCC(C)O3)=C2)O1,0.64,,,,
168,10.1021/acscatal.7b03648 ,,,,,,,C1(C2=CC=CC=C2)=NCC(C3=CC=CC=C3)O1,,,BrC(C(OC)=O)CCCC,,,,,,,CC1=CC=C(C(C)C)C=C1.CC2=C(C([O-])=O)C(C)=CC(C)=C2.CC3=C(C([O-])=O)C(C)=CC(C)=C3.[Ru+2],,,,P(C1=CC=CC=C1)(C2=CC=CC=C2)C3=CC=CC=C3,,,,,,C1COCCO1,,,,CC1(C)C(C)(C)OB(C2=CC=CC(C3=NCC(C4=CC=CC=C4)O3)=C2)O1,0.86,,,,
169,10.1021/acscatal.7b03648 ,,,,,,,C1(C2=CC=CC=C2)=NCCO1,,,BrC(C(OCC(F)(F)F)=O)C,,,,,,,CC1=CC=C(C(C)C)C=C1.CC2=C(C([O-])=O)C(C)=CC(C)=C2.CC3=C(C([O-])=O)C(C)=CC(C)=C3.[Ru+2],,,,P(C1=CC=CC=C1)(C2=CC=CC=C2)C3=CC=CC=C3,,,,,,C1COCCO1,,,,CC1(C)C(C)(C)OB(C2=CC(C3=NCCO3)=CC=C2)O1,0.77,,,,
170,10.1021/acscatal.7b03648 ,,,,,,,C1(C2=CC=CC=C2)=NCCO1,,,BrC(C(OC)=O)CCCBr,,,,,,,CC1=CC=C(C(C)C)C=C1.CC2=C(C([O-])=O)C(C)=CC(C)=C2.CC3=C(C([O-])=O)C(C)=CC(C)=C3.[Ru+2],,,,P(C1=CC=CC=C1)(C2=CC=CC=C2)C3=CC=CC=C3,,,,,,C1COCCO1,,,,CC1(C)C(C)(C)OB(C2=CC(C3=NCCO3)=CC=C2)O1,0.63,,,,
171,10.1021/acscatal.7b03648 ,,,,,,,C1(C2=NCCCO2)=CC=CC=C1,,,BrC(C(OC)=O)CCCC,,,,,,,CC1=CC=C(C(C)C)C=C1.CC2=C(C([O-])=O)C(C)=CC(C)=C2.CC3=C(C([O-])=O)C(C)=CC(C)=C3.[Ru+2],,,,P(C1=CC=CC=C1)(C2=CC=CC=C2)C3=CC=CC=C3,,,,,,C1COCCO1,,,,CC1(C)C(C)(C)OB(C2=CC=CC(C3=NCCCO3)=C2)O1,0.59,,,,
172,10.1021/acscatal.7b03648 ,,,,,,,C1(C2=CC=CC=C2)=NC=CC=N1,,,BrC(C(OC)=O)CCCC,,,,,,,CC1=CC=C(C(C)C)C=C1.O=C(C23C[C@H]4C[C@H](C[C@H](C4)C3)C2)[O-].O=C(C56C[C@H]7C[C@H](C[C@H](C7)C6)C5)[O-].[Ru+2],,,,P(C1=CC=CC=C1)(C2=CC=CC=C2)C3=CC=CC=C3,,,,,,C1COCCO1,,,,CC1(C)C(C)(C)OB(C2=CC(C3=NC=CC=N3)=CC=C2)O1,0.85,,,,
173,10.1021/acscatal.7b03648 ,,,,,,,CC(C=C1)=CC=C1C2=NC=CC=N2,,,BrC(C(OC)=O)CCCC,,,,,,,CC1=CC=C(C(C)C)C=C1.O=C(C23C[C@H]4C[C@H](C[C@H](C4)C3)C2)[O-].O=C(C56C[C@H]7C[C@H](C[C@H](C7)C6)C5)[O-].[Ru+2],,,,P(C1=CC=CC=C1)(C2=CC=CC=C2)C3=CC=CC=C3,,,,,,C1COCCO1,,,,CC1=CC=C(C2=NC=CC=N2)C=C1B3OC(C)(C)C(C)(C)O3,0.82,,,,
174,10.1021/acscatal.7b03648 ,,,,,,,COC(C=C1)=CC=C1C2=NC=CC=N2,,,BrC(C(OC)=O)CCCC,,,,,,,CC1=CC=C(C(C)C)C=C1.O=C(C23C[C@H]4C[C@H](C[C@H](C4)C3)C2)[O-].O=C(C56C[C@H]7C[C@H](C[C@H](C7)C6)C5)[O-].[Ru+2],,,,P(C1=CC=CC=C1)(C2=CC=CC=C2)C3=CC=CC=C3,,,,,,C1COCCO1,,,,COC1=CC=C(C2=NC=CC=N2)C=C1B3OC(C)(C)C(C)(C)O3,0.73,,,,
175,10.1021/acscatal.7b03648 ,,,,,,,ClC(C=C1)=CC=C1C2=NC=CC=N2,,,BrC(C(OC)=O)CCCC,,,,,,,CC1=CC=C(C(C)C)C=C1.O=C(C23C[C@H]4C[C@H](C[C@H](C4)C3)C2)[O-].O=C(C56C[C@H]7C[C@H](C[C@H](C7)C6)C5)[O-].[Ru+2],,,,P(C1=CC=CC=C1)(C2=CC=CC=C2)C3=CC=CC=C3,,,,,,C1COCCO1,,,,ClC1=CC=C(C2=NC=CC=N2)C=C1B3OC(C)(C)C(C)(C)O3,0.67,,,,
176,10.1021/acscatal.7b03648 ,,,,,,,O=C(C(C=C1)=CC=C1C2=NC=CC=N2)OC,,,BrC(C(OC)=O)CCCC,,,,,,,CC1=CC=C(C(C)C)C=C1.O=C(C23C[C@H]4C[C@H](C[C@H](C4)C3)C2)[O-].O=C(C56C[C@H]7C[C@H](C[C@H](C7)C6)C5)[O-].[Ru+2],,,,P(C1=CC=CC=C1)(C2=CC=CC=C2)C3=CC=CC=C3,,,,,,C1COCCO1,,,,O=C(OC)C1=CC=C(C2=NC=CC=N2)C=C1B3OC(C)(C)C(C)(C)O3,0.74,,,,
177,10.1021/acscatal.7b03648 ,,,,,,,N1(C2=CC=CC=C2)C=CC=N1,,,BrC(C(OC)=O)CCCC,,,,,,,CC1=CC=C(C(C)C)C=C1.O=C(C23C[C@H]4C[C@H](C[C@H](C4)C3)C2)[O-].O=C(C56C[C@H]7C[C@H](C[C@H](C7)C6)C5)[O-].[Ru+2],,,,P(C1=CC=CC=C1)(C2=CC=CC=C2)C3=CC=CC=C3,,,,,,C1COCCO1,,,,CC1(C)C(C)(C)OB(C2=CC(N3C=CC=N3)=CC=C2)O1,0.71,,,,
178,10.1021/acscatal.7b03648 ,,,,,,,BrC1=CN(C2=CC=CC=C2)N=C1,,,BrC(C(OC)=O)CCCC,,,,,,,CC1=CC=C(C(C)C)C=C1.O=C(C23C[C@H]4C[C@H](C[C@H](C4)C3)C2)[O-].O=C(C56C[C@H]7C[C@H](C[C@H](C7)C6)C5)[O-].[Ru+2],,,,P(C1=CC=CC=C1)(C2=CC=CC=C2)C3=CC=CC=C3,,,,,,C1COCCO1,,,,CC1(C)C(C)(C)OB(C2=CC(N3C=C(Br)C=N3)=CC=C2)O1,0.84,,,,
179,10.1021/acscatal.7b03648 ,,,,,,,CC1=NN(C2=CC=CC=C2)C(C)=C1,,,BrC(C(OC)=O)CCCC,,,,,,,CC1=CC=C(C(C)C)C=C1.O=C(C23C[C@H]4C[C@H](C[C@H](C4)C3)C2)[O-].O=C(C56C[C@H]7C[C@H](C[C@H](C7)C6)C5)[O-].[Ru+2],,,,P(C1=CC=CC=C1)(C2=CC=CC=C2)C3=CC=CC=C3,,,,,,C1COCCO1,,,,CC1=NN(C(C)=C1)C2=CC=CC(B3OC(C)(C)C(C)(C)O3)=C2,0.52,,,,
180,10.1021/acscatal.7b03648 ,,,,,,,CC(N1C=NC(C1=NC=N2)=C2C3=CC=CC=C3)C,,,BrC(C(OC)=O)CCCC,,,,,,,CC1=CC=C(C(C)C)C=C1.O=C(C23C[C@H]4C[C@H](C[C@H](C4)C3)C2)[O-].O=C(C56C[C@H]7C[C@H](C[C@H](C7)C6)C5)[O-].[Ru+2],,,,P(C1=CC=CC=C1)(C2=CC=CC=C2)C3=CC=CC=C3,,,,,,C1COCCO1,,,,CC(C)N1C=NC2=C(C3=CC=CC(B4OC(C)(C)C(C)(C)O4)=C3)N=CN=C21,0.87,,,,
181,10.1021/acscatal.7b03648 ,,,,,,,C1(C2=CC=CC=C2)=NC=CC=N1,,,BrCC(OC)=O,,,,,,,CC1=CC=C(C(C)C)C=C1.O=C(C23C[C@H]4C[C@H](C[C@H](C4)C3)C2)[O-].O=C(C56C[C@H]7C[C@H](C[C@H](C7)C6)C5)[O-].[Ru+2],,,,P(C1=CC=CC=C1)(C2=CC=CC=C2)C3=CC=CC=C3,,,,,,C1COCCO1,,,,CC1(C)C(C)(C)OB(C2=CC(C3=NC=CC=N3)=CC=C2)O1,0.5,,,,
182,10.1021/acscatal.7b03648 ,,,,,,,C1(C2=CC=CC=C2)=NC=CC=N1,,,BrC(CCCC)C(N1CCCCC1)=O,,,,,,,CC1=CC=C(C(C)C)C=C1.O=C(C23C[C@H]4C[C@H](C[C@H](C4)C3)C2)[O-].O=C(C56C[C@H]7C[C@H](C[C@H](C7)C6)C5)[O-].[Ru+2],,,,P(C1=CC=CC=C1)(C2=CC=CC=C2)C3=CC=CC=C3,,,,,,C1COCCO1,,,,CC1(C)C(C)(C)OB(C2=CC(C3=NC=CC=N3)=CC=C2)O1,0.65,,,,
183,10.1021/acscatal.7b03648 ,,,,,,,C1(C2=CC=CC=C2)=NC=CC=N1,,,BrC(CCC)C(C1=CC=CC=C1)=O,,,,,,,CC1=CC=C(C(C)C)C=C1.O=C(C23C[C@H]4C[C@H](C[C@H](C4)C3)C2)[O-].O=C(C56C[C@H]7C[C@H](C[C@H](C7)C6)C5)[O-].[Ru+2],,,,P(C1=CC=CC=C1)(C2=CC=CC=C2)C3=CC=CC=C3,,,,,,C1COCCO1,,,,CC1(C)C(C)(C)OB(C2=CC(C3=NC=CC=N3)=CC=C2)O1,0.71,,,,
184,10.1021/acscatal.7b03648 ,,,,,,,C1(C2=CC=CC=C2)=NC=CC=N1,,,BrC(C)C(N1CCOCC1)=O,,,,,,,CC1=CC=C(C(C)C)C=C1.O=C(C23C[C@H]4C[C@H](C[C@H](C4)C3)C2)[O-].O=C(C56C[C@H]7C[C@H](C[C@H](C7)C6)C5)[O-].[Ru+2],,,,P(C1=CC=CC=C1)(C2=CC=CC=C2)C3=CC=CC=C3,,,,,,C1COCCO1,,,,CC1(C)C(C)(C)OB(C2=CC(C3=NC=CC=N3)=CC=C2)O1,0.71,,,,
185,10.1021/acscatal.7b03648 ,,,,,,,C1(C2=CC=CC=C2)=NC=CC=N1,,,O=C1CCCCC1Br,,,,,,,CC1=CC=C(C(C)C)C=C1.O=C(C23C[C@H]4C[C@H](C[C@H](C4)C3)C2)[O-].O=C(C56C[C@H]7C[C@H](C[C@H](C7)C6)C5)[O-].[Ru+2],,,,P(C1=CC=CC=C1)(C2=CC=CC=C2)C3=CC=CC=C3,,,,,,C1COCCO1,,,,CC1(C)C(C)(C)OB(C2=CC(C3=NC=CC=N3)=CC=C2)O1,0.54,,,,
186,10.1021/acscatal.7b03648 ,,,,,,,C1(C2=CC=CC=C2)=NC=CC=N1,,,BrC(C)C(N(CC)CC)=O,,,,,,,CC1=CC=C(C(C)C)C=C1.O=C(C23C[C@H]4C[C@H](C[C@H](C4)C3)C2)[O-].O=C(C56C[C@H]7C[C@H](C[C@H](C7)C6)C5)[O-].[Ru+2],,,,P(C1=CC=CC=C1)(C2=CC=CC=C2)C3=CC=CC=C3,,,,,,C1COCCO1,,,,CC1(C)C(C)(C)OB(C2=CC(C3=NC=CC=N3)=CC=C2)O1,0.63,,,,
187,10.1021/acscatal.7b03648 ,,,,,,,C1(C2=CC=CC=C2)=NC=CC=C1,,,BrC(CCCBr)C(OC)=O,,,,,,,CC1=CC=C(C(C)C)C=C1.O=C(C23C[C@H]4C[C@H](C[C@H](C4)C3)C2)[O-].O=C(C56C[C@H]7C[C@H](C[C@H](C7)C6)C5)[O-].[Ru+2],,,,P(C1=CC=CC=C1)(C2=CC=CC=C2)C3=CC=CC=C3,,,,,,C1COCCO1,,,,CC1(C)C(C)(C)OB(C2=CC(C3=NC=CC=N3)=CC=C2)O1,0.56,,,,
188,10.1021/acscatal.7b03648 ,,,,,,,C1(NC2=NC=CC=N2)=CC=CC=C1,,,BrC(C)(C)C(OCC)=O,,,,,,,CC1=CC=C(C(C)C)C=C1.CC2=C(C([O-])=O)C(C)=CC(C)=C2.CC3=C(C([O-])=O)C(C)=CC(C)=C3.[Ru+2],,,,P(C1=CC=CC=C1)(C2=CC=CC=C2)C3=CC=CC=C3,,,,,,CC1=CC=CC(C)=C1,,,,CC1(C)C(C)(C)OB(C(C=C2)=CC=C2NC3=NC=CC=N3)O1,0.33,,,,
189,10.1021/acscatal.7b03648 ,,,,,,,ClC(C=N1)=CN=C1NC2=CC=CC=C2,,,BrC(C)(C)C(OCC)=O,,,,,,,CC1=CC=C(C(C)C)C=C1.CC2=C(C([O-])=O)C(C)=CC(C)=C2.CC3=C(C([O-])=O)C(C)=CC(C)=C3.[Ru+2],,,,P(C1=CC=CC=C1)(C2=CC=CC=C2)C3=CC=CC=C3,,,,,,CC1=CC=CC(C)=C1,,,,CC1(C)C(C)(C)OB(C(C=C2)=CC=C2NC3=NC=C(Cl)C=N3)O1,0.56,,,,
190,10.1021/jacs.5b08435 ,,,,,,,FC1=CC=C(NC2=NC=CC=N2)C=C1,,,BrC(C)(C)C,,,,,,,CC1=CC=C(C(C)C)C=C1.CC2=CC=C(C(C)C)C=C2.[Ru+2].[Cl-].[Cl-].[Ru+2].[Cl-].[Cl-],,,,,,,,CC1=C(C(O)=O)C(C)=CC(C)=C1,,C1COCCO1,,,,FC1=C(B2OC(C)(C)C(C)(C)O2)C=C(C=C1)NC3=NC=CC=N3,0.3,,,,
191,10.1021/jacs.5b08435 ,,,,,,,FC1=CC=C(NC2=NC=CC=N2)C=C1,,,BrC(C)(C)C,,,,,,,CC1=CC=C(C(C)C)C=C1.CC2=CC=C(C(C)C)C=C2.[Ru+2].[Cl-].[Cl-].[Ru+2].[Cl-].[Cl-],,,,,,,,[K]OC(C)=O,,C1COCCO1,,,,FC1=C(B2OC(C)(C)C(C)(C)O2)C=C(C=C1)NC3=NC=CC=N3,0.26,,,,
192,10.1021/jacs.5b08435 ,,,,,,,FC1=CC=C(NC2=NC=CC=N2)C=C1,,,BrC(C)(C)C,,,,,,,CC1=CC=C(C(C)C)C=C1.CC2=CC=C(C(C)C)C=C2.[Ru+2].[Cl-].[Cl-].[Ru+2].[Cl-].[Cl-],,,,,,,,CC(C)(C(NC(C(C)C)C(O)=O)=O)C,,C1COCCO1,,,,FC1=C(B2OC(C)(C)C(C)(C)O2)C=C(C=C1)NC3=NC=CC=N3,0.66,,,,
193,10.1021/jacs.5b08435 ,,,,,,,FC1=CC=C(NC2=CC=CC=N2)C=C1,,,BrC(C)(C)C,,,,,,,CC1=CC=C(C(C)C)C=C1.CC2=CC=C(C(C)C)C=C2.[Ru+2].[Cl-].[Cl-].[Ru+2].[Cl-].[Cl-],,,,,,,,CC(C)(C(NC(C(C)C)C(O)=O)=O)C,,C1COCCO1,,,,FC1=C(B2OC(C)(C)C(C)(C)O2)C=C(C=C1)NC3=CC=CC=N3,0.36,,,,
194,10.1021/jacs.5b08435 ,,,,,,,C1(NC2=NC=CC=N2)=CC=CC=C1,,,BrC(C)(C)C,,,,,,,CC1=CC=C(C(C)C)C=C1.CC2=CC=C(C(C)C)C=C2.[Ru+2].[Cl-].[Cl-].[Ru+2].[Cl-].[Cl-],,,,,,,,CC(C)(C(NC(C(C)C)C(O)=O)=O)C,,C1COCCO1,,,,CC1(C)C(C)(C)OB(C2=CC=CC(NC3=NC=CC=N3)=C2)O1,0.53,,,,
195,10.1021/jacs.5b08435 ,,,,,,,COC1=CC=C(NC2=NC=CC=N2)C=C1,,,BrC(C)(C)C,,,,,,,CC1=CC=C(C(C)C)C=C1.CC2=CC=C(C(C)C)C=C2.[Ru+2].[Cl-].[Cl-].[Ru+2].[Cl-].[Cl-],,,,,,,,CC(C)(C(NC(C(C)C)C(O)=O)=O)C,,C1COCCO1,,,,CC1(C)C(C)(C)OB(C2=C(OC)C=CC(NC3=NC=CC=N3)=C2)O1,0.54,,,,
196,10.1021/jacs.5b08435 ,,,,,,,BrC1=CC=C(NC2=NC=CC=N2)C=C1,,,BrC(C)(C)C,,,,,,,CC1=CC=C(C(C)C)C=C1.CC2=CC=C(C(C)C)C=C2.[Ru+2].[Cl-].[Cl-].[Ru+2].[Cl-].[Cl-],,,,,,,,CC(C)(C(NC(C(C)C)C(O)=O)=O)C,,C1COCCO1,,,,CC1(C)C(C)(C)OB(C2=C(Br)C=CC(NC3=NC=CC=N3)=C2)O1,0.46,,,,
197,10.1021/jacs.5b08435 ,,,,,,,ClC1=CC=C(NC2=NC=CC=N2)C=C1,,,BrC(C)(C)C,,,,,,,CC1=CC=C(C(C)C)C=C1.CC2=CC=C(C(C)C)C=C2.[Ru+2].[Cl-].[Cl-].[Ru+2].[Cl-].[Cl-],,,,,,,,CC(C)(C(NC(C(C)C)C(O)=O)=O)C,,C1COCCO1,,,,CC1(C)C(C)(C)OB(C2=C(Cl)C=CC(NC3=NC=CC=N3)=C2)O1,0.58,,,,
198,10.1021/jacs.5b08435 ,,,,,,,FC1=CC=C(C=C1)NC2=NC=CC=C2,,,BrC1(C)CCCCC1,,,,,,,CC1=CC=C(C(C)C)C=C1.CC2=CC=C(C(C)C)C=C2.[Ru+2].[Cl-].[Cl-].[Ru+2].[Cl-].[Cl-],,,,,,,,CC(C)(C(NC(C(C)C)C(O)=O)=O)C,,C1COCCO1,,,,FC1=C(B2OC(C)(C)C(C)(C)O2)C=C(C=C1)NC3=CC=CC=C3,0.6,,,,
199,10.1021/jacs.5b08435 ,,,,,,,FC1=CC=C(C=C1)NC2=NC=CC=C2,,,CCC(Br)(C)C,,,,,,,CC1=CC=C(C(C)C)C=C1.CC2=CC=C(C(C)C)C=C2.[Ru+2].[Cl-].[Cl-].[Ru+2].[Cl-].[Cl-],,,,,,,,CC(C)(C(NC(C(C)C)C(O)=O)=O)C,,C1COCCO1,,,,FC1=C(B2OC(C)(C)C(C)(C)O2)C=C(C=C1)NC3=CC=CC=C3,0.58,,,,
200,10.1021/jacs.5b08435 ,,,,,,,FC1=CC=C(C=C1)NC2=NC=CC=C2,,,CC(Br)(C)CCC,,,,,,,CC1=CC=C(C(C)C)C=C1.CC2=CC=C(C(C)C)C=C2.[Ru+2].[Cl-].[Cl-].[Ru+2].[Cl-].[Cl-],,,,,,,,CC(C)(C(NC(C(C)C)C(O)=O)=O)C,,C1COCCO1,,,,FC1=C(B2OC(C)(C)C(C)(C)O2)C=C(C=C1)NC3=CC=CC=C3,0.53,,,,
201,10.1021/jacs.5b08435 ,,,,,,,FC1=CC=C(C=C1)NC2=NC=CC=C2,,,CC(Br)(C)CCC1=CC=CC=C1,,,,,,,CC1=CC=C(C(C)C)C=C1.CC2=CC=C(C(C)C)C=C2.[Ru+2].[Cl-].[Cl-].[Ru+2].[Cl-].[Cl-],,,,,,,,CC(C)(C(NC(C(C)C)C(O)=O)=O)C,,C1COCCO1,,,,FC1=C(B2OC(C)(C)C(C)(C)O2)C=C(C=C1)NC3=CC=CC=C3,0.56,,,,
202,10.1021/jacs.5b08435 ,,,,,,,FC1=CC=C(C=C1)NC2=NC=CC=C2,,,CC(Br)(C)CC/C=C(C)/C,,,,,,,CC1=CC=C(C(C)C)C=C1.CC2=CC=C(C(C)C)C=C2.[Ru+2].[Cl-].[Cl-].[Ru+2].[Cl-].[Cl-],,,,,,,,CC(C)(C(NC(C(C)C)C(O)=O)=O)C,,C1COCCO1,,,,FC1=C(B2OC(C)(C)C(C)(C)O2)C=C(C=C1)NC3=CC=CC=C3,0.58,,,,
203,10.1021/jacs.5b08435 ,,,,,,,FC1=CC=C(C=C1)NC2=NC=CC=C2,,,CC(Br)(C)CCCCl,,,,,,,CC1=CC=C(C(C)C)C=C1.CC2=CC=C(C(C)C)C=C2.[Ru+2].[Cl-].[Cl-].[Ru+2].[Cl-].[Cl-],,,,,,,,CC(C)(C(NC(C(C)C)C(O)=O)=O)C,,C1COCCO1,,,,FC1=C(B2OC(C)(C)C(C)(C)O2)C=C(C=C1)NC3=CC=CC=C3,0.64,,,,
204,10.1002/anie.201708961 ,,,,,,,C1(NC2=NC=CC=N2)=CC=CC=C1,,,BrC(C)(C)C(OC)=O,,,,,,,CC1=CC=C(C(C)C)C=C1.CC2=CC=C(C(C)C)C=C2.[Ru+2].[Cl-].[Cl-].[Ru+2].[Cl-].[Cl-],,,,,,,,[Na]OC(C)=O,,C1COCCO1,,,,CC1(C)C(C)(C)OB(C(C=C2)=CC=C2NC3=NC=CC=N3)O1,0.35,,,,
205,10.1002/anie.201708961 ,,,,,,,ClC(C=N1)=CN=C1NC2=CC=CC=C2,,,BrC(C)(C)C(OC)=O,,,,,,,CC1=CC=C(C(C)C)C=C1.CC2=CC=C(C(C)C)C=C2.[Ru+2].[Cl-].[Cl-].[Ru+2].[Cl-].[Cl-],,,,,,,,[Na]OC(C)=O,,C1COCCO1,,,,CC1(C)C(C)(C)OB(C(C=C2)=CC=C2NC3=NC=C(Cl)C=N3)O1,0.39,,,,
206,10.1002/anie.201708961 ,,,,,,,ClC1=NC(NC2=CC=CC=C2)=NC(Cl)=C1,,,BrC(C)(C)C(OC)=O,,,,,,,CC1=CC=C(C(C)C)C=C1.CC2=CC=C(C(C)C)C=C2.[Ru+2].[Cl-].[Cl-].[Ru+2].[Cl-].[Cl-],,,,,,,,[Na]OC(C)=O,,C1COCCO1,,,,ClC1=NC(NC2=CC=C(B3OC(C)(C)C(C)(C)O3)C=C2)=NC(Cl)=C1,0.16,,,,
207,10.1002/anie.201708961 ,,,,,,,ClC(C=N1)=CN=C1NC2=CC=CC=C2,,,BrC(C)(C)C(OC)=O,,,,,,,CC1=CC=C(C(C)C)C=C1.CC2=CC=C(C(C)C)C=C2.[Ru+2].[Cl-].[Cl-].[Ru+2].[Cl-].[Cl-],,,,,,,,[Na]OC(C)=O,,CC1=CC=CC=C1,,,,CC1(C)C(C)(C)OB(C(C=C2)=CC=C2NC3=NC=C(Cl)C=N3)O1,0.56,,,,
208,10.1002/anie.201708961 ,,,,,,,ClC(C=N1)=CN=C1NC2=CC=CC=C2,,,BrC(C)(C)C(OC)=O,,,,,,,CC1=CC=C(C(C)C)C=C1.CC2=CC=C(C(C)C)C=C2.[Ru+2].[Cl-].[Cl-].[Ru+2].[Cl-].[Cl-],,,,,,,,[Na]OC(C)=O,,ClCCCl,,,,CC1(C)C(C)(C)OB(C(C=C2)=CC=C2NC3=NC=C(Cl)C=N3)O1,0.56,,,,
209,10.1002/anie.201708961 ,,,,,,,ClC(C=N1)=CN=C1NC2=CC=CC=C2,,,BrC(C)(C)C(OC)=O,,,,,,,CC1=CC=C(C(C)C)C=C1.CC2=CC=C(C(C)C)C=C2.[Ru+2].[Cl-].[Cl-].[Ru+2].[Cl-].[Cl-],,,,,,,,[Na]OC(C)=O,,COC(C)(C)C,,,,CC1(C)C(C)(C)OB(C(C=C2)=CC=C2NC3=NC=C(Cl)C=N3)O1,0.81,,,,
210,10.1002/anie.201708961 ,,,,,,,ClC(C=N1)=CN=C1NC2=CC=CC=C2,,,BrC(C)(C)C(OC)=O,,,,,,,CC1=CC=C(C(C)C)C=C1.CC2=CC=C(C(C)C)C=C2.[Ru+2].[Cl-].[Cl-].[Ru+2].[Cl-].[Cl-],,,,,,,,CC1=C(C(O)=O)C(C)=CC(C)=C1,,COC(C)(C)C,,,,CC1(C)C(C)(C)OB(C(C=C2)=CC=C2NC3=NC=C(Cl)C=N3)O1,0.77,,,,
211,10.1002/anie.201708961 ,,,,,,,ClC(C=N1)=CN=C1NC2=CC=CC=C2,,,BrC(C)(C)C(OC)=O,,,,,,,CC1=CC=C(C(C)C)C=C1.CC2=CC=C(C(C)C)C=C2.[Ru+2].[Cl-].[Cl-].[Ru+2].[Cl-].[Cl-],,,,,,,,CC(C)(C(NC(C(C)C)C(O)=O)=O)C,,COC(C)(C)C,,,,CC1(C)C(C)(C)OB(C(C=C2)=CC=C2NC3=NC=C(Cl)C=N3)O1,0.77,,,,
212,10.1002/anie.201708961 ,,,,,,,ClC(C=N1)=CN=C1NC2=CC=CC=C2,,,BrC(C)(C)C(OC)=O,,,,,,,CC1=CC=C(C(C)C)C=C1.CC2=CC=C(C(C)C)C=C2.[Ru+2].[Cl-].[Cl-].[Ru+2].[Cl-].[Cl-],,,,,,,,CNCCNC,,COC(C)(C)C,,,,CC1(C)C(C)(C)OB(C(C=C2)=CC=C2NC3=NC=C(Cl)C=N3)O1,0.85,,,,
213,10.1002/anie.201708961 ,,,,,,,ClC(C=N1)=CN=C1NC2=CC=CC=C2,,,BrC(C)(C)C(OC)=O,,,,,,,CC1=CC=C(C(C)C)C=C1.CC2=CC=C(C(C)C)C=C2.[Ru+2].[Cl-].[Cl-].[Ru+2].[Cl-].[Cl-],,,,,,,,,,COC(C)(C)C,,,,CC1(C)C(C)(C)OB(C(C=C2)=CC=C2NC3=NC=C(Cl)C=N3)O1,0.85,,,,
214,10.1002/anie.201711221 ,,,,,,,O=C(C)C1=CC=CC=C1,,,BrC(F)(F)C(OCC)=O,,,,,,,CC1=CC=C(C(C)C)C=C1.CC2=CC=C(C(C)C)C=C2.[Ru+2].[Cl-].[Cl-].[Ru+2].[Cl-].[Cl-],,,,,,,,CC1=C(C(O)=O)C(C)=CC(C)=C1,,ClCCCl,,,,O=C(C1=CC=C(B2OC(C)(C)C(C)(C)O2)C=C1)C,0.17,,,,
215,10.1002/anie.201711221 ,,,,,,,CC(C1=CC=CC=C1)=NC2=CC=C(OC)C=C2,,,BrC(F)(F)C(OCC)=O,,,,,,,CC1=CC=C(C(C)C)C=C1.CC2=CC=C(C(C)C)C=C2.[Ru+2].[Cl-].[Cl-].[Ru+2].[Cl-].[Cl-],,,,,,,,CC1=C(C(O)=O)C(C)=CC(C)=C1,,ClCCCl,,,,CC(C1=CC=C(B2OC(C)(C)C(C)(C)O2)C=C1)=NC3=CC=C(C=C3)OC,0.28,,,,
216,10.1002/anie.201711221 ,,,,,,,CC(C1=CC=CC=C1)=NOC,,,BrC(F)(F)C(OCC)=O,,,,,,,CC1=CC=C(C(C)C)C=C1.CC2=CC=C(C(C)C)C=C2.[Ru+2].[Cl-].[Cl-].[Ru+2].[Cl-].[Cl-],,,,,,,,CC1=C(C(O)=O)C(C)=CC(C)=C1,,ClCCCl,,,,CC(C1=CC=C(B2OC(C)(C)C(C)(C)O2)C=C1)=NOC,0.37,,,,
217,10.1002/anie.201711221 ,,,,,,,CC(C1=CC=CC=C1)=NOC(C)=O,,,BrC(F)(F)C(OCC)=O,,,,,,,CC1=CC=C(C(C)C)C=C1.CC2=CC=C(C(C)C)C=C2.[Ru+2].[Cl-].[Cl-].[Ru+2].[Cl-].[Cl-],,,,,,,,CC1=C(C(O)=O)C(C)=CC(C)=C1,,ClCCCl,,,,CC(C1=CC=C(B2OC(C)(C)C(C)(C)O2)C=C1)=NOC(C)=O,0.21,,,,
218,10.1002/anie.201711221 ,,,,,,,CC(C1=CC=CC=C1)=NOC(C(C)(C)C)=O,,,BrC(F)(F)C(OCC)=O,,,,,,,CC1=CC=C(C(C)C)C=C1.CC2=CC=C(C(C)C)C=C2.[Ru+2].[Cl-].[Cl-].[Ru+2].[Cl-].[Cl-],,,,,,,,CC1=C(C(O)=O)C(C)=CC(C)=C1,,ClCCCl,,,,CC(C1=CC=C(B2OC(C)(C)C(C)(C)O2)C=C1)=NOC(C(C)(C)C)=O,0.15,,,,
219,10.1002/anie.201711221 ,,,,,,,ClC1=CC=CC(C2=CC=CC=C2)=N1,,,BrC(F)(F)C(OCC)=O,,,,,,,CC1=CC=C(C(C)C)C=C1.CC2=CC=C(C(C)C)C=C2.[Ru+2].[Cl-].[Cl-].[Ru+2].[Cl-].[Cl-],,,,,,,,CC1=C(C(O)=O)C(C)=CC(C)=C1,,ClCCCl,,,,ClC1=CC=CC(C2=CC=C(B3OC(C)(C)C(C)(C)O3)C=C2)=N1,0.16,,,,
220,10.1002/anie.201711221 ,,,,,,,C1(C2=CC=CC=C2)=NC=CC=C1,,,BrC(F)(F)C(OCC)=O,,,,,,,CC1=CC=C(C(C)C)C=C1.CC2=CC=C(C(C)C)C=C2.[Ru+2].[Cl-].[Cl-].[Ru+2].[Cl-].[Cl-],,,,,,,,CC1=C(C(O)=O)C(C)=CC(C)=C1,,ClCCCl,,,,CC1(C)C(C)(C)OB(C(C=C2)=CC=C2C3=NC=CC=C3)O1,0.76,,,,
221,10.1038/s41467-018-03341-6,,,,,,,O=C(C(C)(C)C)NC1=CC=CC=C1,,,FC(Br)(F)C(OCC)=O,,,,,,,CC1=CC=C(C(C)C)C=C1.CC2=CC=C(C(C)C)C=C2.[Ru+2].[Cl-].[Cl-].[Ru+2].[Cl-].[Cl-],,,,,,,,OC12C[C@H]3C[C@H](C[C@H](C3)C2)C1,,ClCCCl,,,,O=C(NC1=CC=C(B2OC(C)(C)C(C)(C)O2)C=C1)C(C)(C)C,0.84,,,,
222,10.1038/s41467-018-03341-6,,,,,,,O=C(C(C)(C)C)N(CC)C1=CC=CC=C1,,,FC(Br)(F)C(OCC)=O,,,,,,,CC1=CC=C(C(C)C)C=C1.CC2=CC=C(C(C)C)C=C2.[Ru+2].[Cl-].[Cl-].[Ru+2].[Cl-].[Cl-],,,,,,,,OC12C[C@H]3C[C@H](C[C@H](C3)C2)C1,,ClCCCl,,,,O=C(N(C1=CC=C(B2OC(C)(C)C(C)(C)O2)C=C1)CC)C(C)(C)C,0.67,,,,
223,10.1038/s41467-018-03341-6,,,,,,,O=C(C1=CC=CC=C1)NC2=CC=CC=C2,,,FC(Br)(F)C(OCC)=O,,,,,,,CC1=CC=C(C(C)C)C=C1.CC2=CC=C(C(C)C)C=C2.[Ru+2].[Cl-].[Cl-].[Ru+2].[Cl-].[Cl-],,,,,,,,OC12C[C@H]3C[C@H](C[C@H](C3)C2)C1,,ClCCCl,,,,O=C(NC1=CC=CC=C1)C2=CC=C(B3OC(C)(C)C(C)(C)O3)C=C2,0.31,,,,
224,10.1038/s41467-018-03341-6,,,,,,,O=C(C1=CC=CC=C1)N2C3=CC=CC=C3CC2,,,FC(Br)(F)C(OCC)=O,,,,,,,CC1=CC=C(C(C)C)C=C1.CC2=CC=C(C(C)C)C=C2.[Ru+2].[Cl-].[Cl-].[Ru+2].[Cl-].[Cl-],,,,,,,,OC12C[C@H]3C[C@H](C[C@H](C3)C2)C1,,ClCCCl,,,,O=C(N1C2=CC=CC=C2CC1)C3=CC=C(B4OC(C)(C)C(C)(C)O4)C=C3,0.82,,,,
225,10.1038/s41467-018-03341-6,,,,,,,C1(C2=CC=CC=C2)=NC=CC=C1,,,FC(Br)(F)C(OCC)=O,,,,,,,CC1=CC=C(C(C)C)C=C1.CC2=CC=C(C(C)C)C=C2.[Ru+2].[Cl-].[Cl-].[Ru+2].[Cl-].[Cl-],,,,,,,,OC12C[C@H]3C[C@H](C[C@H](C3)C2)C1,,ClCCCl,,,,CC(O1)(C)C(C)(C)OB1C2=CC(C3=NC=CC=C3)=CC=C2,0.76,,,,
226,10.1038/s41467-018-03341-6,,,,,,,CC1=NN(C2=CC=CC=C2)C(OC)=C1,,,FC(Br)(F)C(OCC)=O,,,,,,,CC1=CC=C(C(C)C)C=C1.CC2=CC=C(C(C)C)C=C2.[Ru+2].[Cl-].[Cl-].[Ru+2].[Cl-].[Cl-],,,,,,,,OC12C[C@H]3C[C@H](C[C@H](C3)C2)C1,,ClCCCl,,,,CC1=NN(C(OC)=C1)C2=CC=C(B3OC(C)(C)C(C)(C)O3)C=C2,0.68,,,,
227,10.1038/s41467-018-03341-6,,,,,,,ClC1=CC(C)=NN1C2=CC=CC=C2,,,FC(Br)(F)C(OCC)=O,,,,,,,CC1=CC=C(C(C)C)C=C1.CC2=CC=C(C(C)C)C=C2.[Ru+2].[Cl-].[Cl-].[Ru+2].[Cl-].[Cl-],,,,,,,,OC12C[C@H]3C[C@H](C[C@H](C3)C2)C1,,ClCCCl,,,,ClC1=CC(C)=NN1C2=CC(B3OC(C)(C)C(C)(C)O3)=CC=C2,0.43,,,,
228,10.1038/s41467-018-03341-6,,,,,,,CN(C)C1=CC=CC=C1,,,FC(Br)(F)C(OCC)=O,,,,,,,CC1=CC=C(C(C)C)C=C1.CC2=CC=C(C(C)C)C=C2.[Ru+2].[Cl-].[Cl-].[Ru+2].[Cl-].[Cl-],,,,,,,,OC12C[C@H]3C[C@H](C[C@H](C3)C2)C1,,ClCCCl,,,,CN(C1=CC=CC=C1B2OC(C)(C)C(C)(C)O2)C,0.54,,,,
229,10.1021/ol902115f,,,,,,,CC1=CC=CC=C1C2=NCCO2,,,ClCC1=CC=C(Cl)C=C1,,,,,,,CC1=CC=C(C(C)C)C=C1.CC2=CC=C(C(C)C)C=C2.[Ru+2].[Cl-].[Cl-].[Ru+2].[Cl-].[Cl-],,,,,,,,O=C(O)C12C[C@H]3C[C@H](C[C@H](C3)C2)C1,,CC1=CC=CC=C1,,,,CC1=CC=CC(B2OC(C)(C)C(C)(C)O2)=C1C3=NCCO3,0.82,,,,
230,10.1021/ol902115f,,,,,,,FC1=CC=CC(N2C=CC=N2)=C1,,,ClCC1=CC=CC=C1,,,,,,,CC1=CC=C(C(C)C)C=C1.CC2=CC=C(C(C)C)C=C2.[Ru+2].[Cl-].[Cl-].[Ru+2].[Cl-].[Cl-],,,,,,,,O=C(O)C12C[C@H]3C[C@H](C[C@H](C3)C2)C1,,CC1=CC=CC=C1,,,,FC1=CC=CC(N2C=CC=N2)=C1B3OC(C)(C)C(C)(C)O3,0.82,,,,
231,10.1002/anie.201504390,,,,,,,C1(C2=CC=CC=C2)=NC=CC=C1,,,CCCC[N+](CCCC)(CCCC)CCCC.BrBr.[Br-],,,,,,,CC1=CC=C(C(C)C)C=C1.CC2=CC=C(C(C)C)C=C2.[Ru+2].[Cl-].[Cl-].[Ru+2].[Cl-].[Cl-],,,,,,,,CC1=C(C(O)=O)C(C)=CC(C)=C1,,C1COCCO1,,,,CC(O1)(C)C(C)(C)OB1C2=CC(C3=NC=CC=C3)=CC=C2,0.76,,,,
232,10.1039/c7qo00449d,,,,,,,C1(C2=NC(C=CC=C3)=C3N2CC4=CC=CC=C4)=CC=CC=C1,,,BrC(F)(F)C(OCC)=O,,,,,,,CC1=CC=C(C(C)C)C=C1.CC2=CC=C(C(C)C)C=C2.[Ru+2].[Cl-].[Cl-].[Ru+2].[Cl-].[Cl-],,,,,,,,OC12C[C@H]3C[C@@H](C2)C[C@@H](C1)C3,,ClCCCl,,,,CC1(C)C(C)(C)OB(C2=CC(C3=NC4=C(N3CC5=CC=CC=C5)C=CC=C4)=CC=C2)O1,0.74,,,,
233,10.1002/chem.202300905,,,,,,,CC(C=N1)=CN=C1NC2=CC=CC=C2,,,Br[C@@](C)(C#N)C(OCC)=O,,,,,,,CC1=CC=C(C(C)C)C=C1.CC2=CC=C(C(C)C)C=C2.[Ru+2].[Cl-].[Cl-].[Ru+2].[Cl-].[Cl-],,,,,,,,O=C(O)C1=C(C)C=C(C)C=C1C,,CC(C)(C)OC,,,,CC1=CN=C(NC2=CC=C(B3OC(C)(C)C(C)(C)O3)C=C2)N=C1,0.82,,,,
234,10.1002/chem.201605068,,,,,,,CC1=CC=CC=C1C(O)=O,,,IC1=CC=C(OC)C=C1,,,,,,,F[B-](F)(F)F.F[B-](F)(F)F.N#CC(C)(C)C.N#CC(C)(C)C.N#CC(C)(C)C.N#CC(C)(C)C.N#CC(C)(C)C.N#CC(C)(C)C.[Ru+2],,,,,,,,[K]OC(C(F)(F)F)(C(F)(F)F)C(F)(F)F,,N#CC(C)(C)C,,,,CC1=CC=CC(B2OC(C)(C)C(C)(C)O2)=C1C(O)=O,0.98,,,,
235,10.1039/d2gc03860a,,,,,,,C1(C2=CC=CC=C2)=NC=CC=C1,,,CC1=CC(C)=CC(Br)=C1,,,,,,,[Ru+]C1=CC=CC=C1CN(C)C.CC#N.CC#N.CC#N.CC#N.F[P-](F)(F)(F)(F)F,,,,,,,,CCCC[N+](CCCC)(CCCC)CCCC.CC([O-])=O,,O=C(OC)OC,,,,CC1(C)C(C)(C)OB(C2=CC=CC=C2C3=NC=CC=C3)O1,0.97,,,,
236,10.1021/ol102187e,,,,,,,CC(C=CC=C1)=C1C2=NC=CC=C2,,,ClC1=CC=C(OC)C=C1,,,,,,,CC1=CC=C(C(C)C)C=C1.CC2=CC=C(C(C)C)C=C2.[Ru+2].[Cl-].[Cl-].[Ru+2].[Cl-].[Cl-],,,,,,,,O=C(O)C1=C(C)C=C(C)C=C1C,,C1COCCO1,,,,CC1(C)C(C)(C)OB(C2=CC=CC(C)=C2C3=NC=CC=C3)O1,0.87,,,,
237,10.1021/ol102187e,,,,,,,FC(C(C=CC=C1)=C1C2=NC=CC=C2)(F)F,,,ClC1=CC=C(OC)C=C1,,,,,,,CC1=CC=C(C(C)C)C=C1.CC2=CC=C(C(C)C)C=C2.[Ru+2].[Cl-].[Cl-].[Ru+2].[Cl-].[Cl-],,,,,,,,O=C(O)C1=C(C)C=C(C)C=C1C,,C1COCCO1,,,,CC1(C)C(C)(C)OB(C2=CC=CC(C(F)(F)F)=C2C3=NC=CC=C3)O1,0.94,,,,
238,10.1021/ol102187e,,,,,,,COC(C=CC=C1)=C1C2=NC=CC=C2,,,ClC1=CC=C(OC)C=C1,,,,,,,CC1=CC=C(C(C)C)C=C1.CC2=CC=C(C(C)C)C=C2.[Ru+2].[Cl-].[Cl-].[Ru+2].[Cl-].[Cl-],,,,,,,,O=C(O)C1=C(C)C=C(C)C=C1C,,C1COCCO1,,,,CC1(C)C(C)(C)OB(C2=CC=CC(OC)=C2C3=NC=CC=C3)O1,0.93,,,,
239,10.1021/acs.orglett.7b00885,,,,,,,C1(OC2=NC=CC=C2)=CC=CC=C1,,,CC(Br)CCC,,,,,,,CC1=CC=C(C(C)C)C=C1.CC2=CC=C(C(C)C)C=C2.[Ru+2].[Cl-].[Cl-].[Ru+2].[Cl-].[Cl-],,,,,,,,O=C(C12C[C@H]3C[C@H](C[C@H](C3)C2)C1)O,,C1=CC=CC=C1,,,,CC1(C)C(C)(C)OB(C2=CC=CC(OC3=NC=CC=C3)=C2)O1,0.64,,,,
240,10.1021/acs.orglett.7b00885,,,,,,,C1(OC2=NC=CC=C2)=CC=CC=C1,,,BrC(C)(C)C,,,,,,,CC1=CC=C(C(C)C)C=C1.CC2=CC=C(C(C)C)C=C2.[Ru+2].[Cl-].[Cl-].[Ru+2].[Cl-].[Cl-],,,,,,,,O=C(C12C[C@H]3C[C@H](C[C@H](C3)C2)C1)O,,C1=CC=CC=C1,,,,CC1(C)C(C)(C)OB(C2=CC=CC(OC3=NC=CC=C3)=C2)O1,0.56,,,,
241,10.1021/acscatal.9b04592,,,,,,,C1(C2=CC=CC=C2)=NC=CC=C1,,,ClCC1=CC=C(OC)C=C1,,,,,,,O=C(C)O[Ru]C1=CC=CC=C1C2=NC=CC=C2.P(C3=CC=CC=C3)(C4=CC=CC=C4)C5=CC=CC=C5.P(C6=CC=CC=C6)(C7=CC=CC=C7)C8=CC=CC=C8,,,,,,,,,,C1COCCO1,,,,CC(O1)(C)C(C)(C)OB1C2=CC(C3=NC=CC=C3)=CC=C2,0.54,,,,
242,10.1021/acscatal.9b04592,,,,,,,C1(C2=CC=CC=C2)=NC=CC=C1,,,ClCC1=CC=C(OC)C=C1,,,,,,,O=C(O[Ru]C1=CC=CC=C1C2=NC=CC=C2)C.N#CC.P(C3=CC=CC=C3)(C4=CC=CC=C4)C5=CC=CC=C5,,,,,,,,,,C1COCCO1,,,,CC(O1)(C)C(C)(C)OB1C2=CC(C3=NC=CC=C3)=CC=C2,0.59,,,,
243,10.1021/acscatal.9b04592,,,,,,,COC1=CC=C(CC2=C(C3=NC=CC=C3)C=CC=C2)C=C1,,,ClCC1=CC=C(OC)C=C1,,,,,,,F[P-](F)(F)(F)(F)F.N#CC.N#CC.N#CC.N#CC.[Ru+2]C1=CC=CC=C1C2=NC=CC=C2,,,,,,,,O=C(O[K])C,,C1COCCO1,,,,COC1=CC=C(C=C1)CC2=C(C(B3OC(C)(C)C(C)(C)O3)=CC=C2)C4=NC=CC=C4,0.88,,,,
244,10.1002/anie.202205656,,,,,,,C1(C2=CC=CC=C2)=NC=CC=C1,,,Cl[C@H]1O[C@H]([C@@H]2OC(C)(C)CO2)[C@H]3[C@@H]1OC(C)(C)O3,,,,,,,CC1=CC=C(C(C)C)C=C1.CC2=CC=C(C(C)C)C=C2.[Ru+2].[Cl-].[Cl-].[Ru+2].[Cl-].[Cl-],,,,,,,,O=C(O[Ag])C,,C1COCCO1,,,,CC(O1)(C)C(C)(C)OB1C2=CC(C3=NC=CC=C3)=CC=C2,0.45,,,,
245,10.1002/anie.202205656,,,,,,,C1(C2=CC=CC=C2)=NC=CC=C1,,,Cl[C@H]1O[C@H]([C@@H]2OC(C)(C)CO2)[C@H]3[C@@H]1OC(C)(C)O3,,,,,,,CC1=CC=C(C(C)C)C=C1.CC2=CC=C(C(C)C)C=C2.[Ru+2].[Cl-].[Cl-].[Ru+2].[Cl-].[Cl-],,,,,,,,O=C(O[Ag])C,,CC1=CC=CC=C1,,,,CC1(C)C(C)(C)OB(C2=CC=CC=C2C3=NC=CC=C3)O1,0.26,,,,
246,10.1039/c7ob01192j,,,,,,,C1(C2=CC=CC=C2)=NC=CC=C1,,,CCOC(CBr)=O,,,,,,,CC1=CC=C(C(C)C)C=C1.CC2=CC=C(C(C)C)C=C2.[Ru+2].[Cl-].[Cl-].[Ru+2].[Cl-].[Cl-],,,,,,,,C12=C(C3=C(C=C2)C=CC=N3)N=CC=C1.C45=C(C6=C(C=C5)C=CC=N6)N=CC=C4.C78=C(C9=C(C=C8)C=CC=N9)N=CC=C7.[Ru+2].[Cl-].[Cl-],,C1COCCO1,,,,CC1(C)C(C)(C)OB(C2=CC=CC=C2C3=NC=CC=C3)O1,0.19,,,,
247,10.1039/c7ob01192j,,,,,,,C1(C2=CC=CC=C2)=NC=CC=C1,,,CCOC(CBr)=O,,,,,,,CC1=CC=C(C(C)C)C=C1.CC2=CC=C(C(C)C)C=C2.[Ru+2].[Cl-].[Cl-].[Ru+2].[Cl-].[Cl-],,,,,,,,P(C1=CC=CC=C1)(C2=CC=CC=C2)C3=CC=CC=C3.P(C4=CC=CC=C4)(C5=CC=CC=C5)C6=CC=CC=C6.P(C7=CC=CC=C7)(C8=CC=CC=C8)C9=CC=CC=C9.P(C%10=CC=CC=C%10)(C%11=CC=CC=C%11)C%12=CC=CC=C%12.[Pd],,C1COCCO1,,,,CC(O1)(C)C(C)(C)OB1C2=CC(C3=NC=CC=C3)=CC=C2,0.47,,,,
248,10.1002/anie.202302021,,,,,,,C1(C2=CC=CC=C2)=NC=CC=C1,,,ClCC1=CC=C(C=C1)OC,,,,,,,CC1=CC=C(C(C)C)C=C1.CC2=CC=C(C(C)C)C=C2.[Ru+2].[Cl-].[Cl-].[Ru+2].[Cl-].[Cl-],,,,,,,,O=C(C12C[C@H]3C[C@H](C[C@H](C3)C2)C1)O,,CC1=CC=CC=C1,,,,CC1(C)C(C)(C)OB(C2=CC=CC=C2C3=NC=CC=C3)O1,0.69,,,,
249,10.1002/anie.202302021,,,,,,,COC1=CC=C(CC2=C(C3=NC=CC=C3)C=CC=C2)C=C1,,,ClCC1=CC=C(C=C1)OC,,,,,,,CC1=CC=C(C(C)C)C=C1.CC2=CC=C(C(C)C)C=C2.[Ru+2].[Cl-].[Cl-].[Ru+2].[Cl-].[Cl-],,,,,,,,O=C(C12C[C@H]3C[C@H](C[C@H](C3)C2)C1)O,,CC1=CC=CC=C1,,,,COC1=CC=C(C=C1)CC2=C(C(B3OC(C)(C)C(C)(C)O3)=CC=C2)C4=NC=CC=C4,0.36,,,,
250,10.1002/anie.202302021,,,,,,,C1(C2=CC=CC=C2)=NC=CC=C1,,,ClCC1=CC=C(C=C1)C(F)(F)F,,,,,,,CC1=CC=C(C(C)C)C=C1.CC2=CC=C(C(C)C)C=C2.[Ru+2].[Cl-].[Cl-].[Ru+2].[Cl-].[Cl-],,,,,,,,O=C(C12C[C@H]3C[C@H](C[C@H](C3)C2)C1)O,,CC1=CC=CC=C1,,,,CC1(C)C(C)(C)OB(C2=CC=CC=C2C3=NC=CC=C3)O1,0.44,,,,
251,10.1002/anie.202302021,,,,,,,FC(C1=CC=C(CC2=C(C3=NC=CC=C3)C=CC=C2)C=C1)(F)F,,,ClCC1=CC=C(C=C1)C(F)(F)F,,,,,,,CC1=CC=C(C(C)C)C=C1.CC2=CC=C(C(C)C)C=C2.[Ru+2].[Cl-].[Cl-].[Ru+2].[Cl-].[Cl-],,,,,,,,O=C(C12C[C@H]3C[C@H](C[C@H](C3)C2)C1)O,,CC1=CC=CC=C1,,,,FC(F)(F)C1=CC=C(C=C1)CC2=C(C(B3OC(C)(C)C(C)(C)O3)=CC=C2)C4=NC=CC=C4,0.41,,,,
252,10.1021/ol102187e,,,,,,,FC1=CC=CC(N2C=CC=N2)=C1,,,ClC1=CC=C(OC)C=C1,,,,,,,CC1=CC=C(C(C)C)C=C1.CC2=CC=C(C(C)C)C=C2.[Ru+2].[Cl-].[Cl-].[Ru+2].[Cl-].[Cl-],,,,,,,,O=C(O)C1=C(C)C=C(C)C=C1C,,C1COCCO1,,,,FC1=CC=CC(N2C=CC=N2)=C1B3OC(C)(C)C(C)(C)O3.C,0.75,,,,
253,10.1021/ol102187e,,,,,,,FC1=CC=CC(N2C=CC=N2)=C1C3=CC=C(OC)C=C3,,,ClC1=CC=C(OC)C=C1,,,,,,,CC1=CC=C(C(C)C)C=C1.CC2=CC=C(C(C)C)C=C2.[Ru+2].[Cl-].[Cl-].[Ru+2].[Cl-].[Cl-],,,,,,,,O=C(O)C1=C(C)C=C(C)C=C1C,,C1COCCO1,,,,FC1=CC=C(B2OC(C)(C)C(C)(C)O2)C(N3C=CC=N3)=C1C4=CC=C(C=C4)OC,0.32,,,,
254,10.1021/ol102187e,,,,,,,FC1=CC(C2=NCCO2)=CC=C1,,,ClC1=CC=C(OC)C=C1,,,,,,,CC1=CC=C(C(C)C)C=C1.CC2=CC=C(C(C)C)C=C2.[Ru+2].[Cl-].[Cl-].[Ru+2].[Cl-].[Cl-],,,,,,,,O=C(O)C1=C(C)C=C(C)C=C1C,,C1COCCO1,,,,FC1=C(B2OC(C)(C)C(C)(C)O2)C(C3=NCCO3)=CC=C1,0.79,,,,
255,10.1021/ol102187e,,,,,,,FC1=C(C2=CC=C(OC)C=C2)C(C3=NCCO3)=CC=C1,,,ClCC1=CC=C(C=C1)OC,,,,,,,CC1=CC=C(C(C)C)C=C1.CC2=CC=C(C(C)C)C=C2.[Ru+2].[Cl-].[Cl-].[Ru+2].[Cl-].[Cl-],,,,,,,,O=C(O)C1=C(C)C=C(C)C=C1C,,C1COCCO1,,,,FC1=C(C(C2=NCCO2)=C(B3OC(C)(C)C(C)(C)O3)C=C1)C4=CC=C(C=C4)OC,0.41,,,,
